customer_id_legacy,transaction_id,purchase_amount,purchase_date,customer_rating,customer_id_new,social_media_platform,engagement_score,purchase_interest_score,review_sentiment,customer_engagement_score,moving_avg_purchase,purchase_month,monthly_total_spend,monthly_avg_spend,product_category_Books,product_category_Clothing,product_category_Electronics,product_category_Groceries,product_category_Sports,avg_spent_last_3
151,1001,5.955134767846306,2024-01-01,2.3,A176,Facebook,70.0,3.3,Negative,43.32,5.955134767846306,2024-01,12.0745934561102,6.0372967280551,False,False,False,False,True,5.955134767846306
192,1002,5.770549254970755,2024-01-02,4.2,A156,Instagram,52.0,4.9,Positive,33.16,5.770549254970755,2024-01,12.064057430928743,6.032028715464373,False,False,True,False,False,5.770549254970755
114,1003,6.088135143165692,2024-01-03,2.1,A171,Unknown,78.0,3.6,Neutral,48.24,6.088135143165692,2024-01,12.534215876954486,6.267107938477243,False,False,True,False,False,6.088135143165692
171,1004,5.692522226665568,2024-01-04,2.8,,Unknown,78.0,3.6,Neutral,48.24,5.692522226665568,2024-01,11.857024048412333,5.928512024206166,False,True,False,False,False,5.692522226665568
160,1005,4.162724759498925,2024-01-05,1.3,,Unknown,78.0,3.6,Neutral,48.24,4.162724759498925,2024-01,8.434287568302832,4.217143784151416,False,True,False,False,False,4.162724759498925
120,1006,5.89257209727822,2024-01-06,1.1,A159,Unknown,78.0,3.6,Neutral,48.24,5.89257209727822,2024-01,20.86217080069847,5.215542700174617,False,False,False,True,False,5.89257209727822
182,1007,4.558161876676905,2024-01-07,4.9,A193,TikTok,69.0,2.6,Negative,42.44,4.558161876676905,2024-01,8.900862898902755,4.4504314494513775,False,False,False,False,True,4.558161876676905
186,1008,6.0198053966602165,2024-01-08,4.3,A160,TikTok,56.0,2.6,Positive,34.64,6.0198053966602165,2024-01,34.41198234036569,5.735330390060948,False,True,False,False,False,6.0198053966602165
186,1008,6.0198053966602165,2024-01-08,4.3,A160,LinkedIn,73.0,2.0,Neutral,44.6,6.0198053966602165,2024-01,34.41198234036569,5.735330390060948,False,True,False,False,False,6.0198053966602165
186,1008,6.0198053966602165,2024-01-08,4.3,A160,Instagram,89.0,2.9,Neutral,54.56,6.0198053966602165,2024-01,34.41198234036569,5.735330390060948,False,True,False,False,False,6.0198053966602165
174,1009,5.418181533710931,2024-01-09,3.8,A148,Facebook,75.0,1.7,Neutral,45.68,5.418181533710931,2024-01,20.442743239394694,5.1106858098486745,False,False,True,False,False,5.418181533710931
174,1010,4.75198268358049,2024-01-10,2.6,A148,Facebook,75.0,1.7,Neutral,45.68,5.085082108645711,2024-01,20.442743239394694,5.1106858098486745,False,False,False,False,True,5.085082108645711
187,1011,5.917300542186401,2024-01-11,1.7,A124,TikTok,75.0,4.6,Neutral,46.84,5.917300542186401,2024-01,74.2092013251936,6.184100110432801,False,False,False,False,True,5.917300542186401
187,1011,5.917300542186401,2024-01-11,1.7,A124,Facebook,95.0,3.7,Positive,58.48,5.917300542186401,2024-01,74.2092013251936,6.184100110432801,False,False,False,False,True,5.917300542186401
187,1011,5.917300542186401,2024-01-11,1.7,A124,LinkedIn,77.0,3.2,Positive,47.48,5.917300542186401,2024-01,74.2092013251936,6.184100110432801,False,False,False,False,True,5.917300542186401
199,1012,5.55878965848851,2024-01-12,1.6,A178,LinkedIn,74.0,4.9,Positive,46.36,5.55878965848851,2024-01,32.81258421896061,5.468764036493435,False,False,True,False,False,5.55878965848851
199,1012,5.55878965848851,2024-01-12,1.6,A178,LinkedIn,53.0,1.5,Neutral,32.4,5.55878965848851,2024-01,32.81258421896061,5.468764036493435,False,False,True,False,False,5.55878965848851
199,1012,5.55878965848851,2024-01-12,1.6,A178,TikTok,68.0,3.5,Negative,42.2,5.55878965848851,2024-01,32.81258421896061,5.468764036493435,False,False,True,False,False,5.55878965848851
123,1013,5.694354426219737,2024-01-13,2.0,,Unknown,78.0,3.6,Neutral,48.24,5.694354426219737,2024-01,11.190314853365384,5.595157426682691,False,True,False,False,False,5.694354426219737
102,1014,4.701756933616744,2024-01-14,3.2,,Unknown,78.0,3.6,Neutral,48.24,4.701756933616744,2024-01,9.783944578344697,4.891972289172348,False,False,True,False,False,4.701756933616744
121,1015,4.980153043901932,2024-01-15,3.9,A185,TikTok,90.0,3.4,Neutral,55.36,4.980153043901932,2024-01,85.1267417586132,5.320421359913325,False,False,False,False,True,4.980153043901932
121,1015,4.980153043901932,2024-01-15,3.9,A185,Facebook,78.0,2.4,Positive,47.76,4.980153043901932,2024-01,85.1267417586132,5.320421359913325,False,False,False,False,True,4.980153043901932
121,1015,4.980153043901932,2024-01-15,3.9,A185,TikTok,59.0,3.6,Positive,36.84,4.980153043901932,2024-01,85.1267417586132,5.320421359913325,False,False,False,False,True,4.980153043901932
121,1015,4.980153043901932,2024-01-15,3.9,A185,TikTok,50.0,1.5,Negative,30.6,4.980153043901932,2024-01,85.1267417586132,5.320421359913325,False,False,False,False,True,4.980153043901932
152,1016,6.020064516485933,2024-01-16,3.6,A152,Facebook,95.0,4.1,Positive,58.64,6.020064516485933,2024-01,24.478670571948065,6.119667642987016,True,False,False,False,False,6.020064516485933
152,1016,6.020064516485933,2024-01-16,3.6,A152,Instagram,81.0,4.2,Positive,50.28,6.020064516485933,2024-01,24.478670571948065,6.119667642987016,True,False,False,False,False,6.020064516485933
101,1017,5.623454263676361,2024-01-17,2.1,A116,Twitter,78.0,1.1,Negative,47.24,5.623454263676361,2024-01,107.46066227086972,5.373033113543487,True,False,False,False,False,5.623454263676361
101,1017,5.623454263676361,2024-01-17,2.1,A116,LinkedIn,89.0,2.4,Neutral,54.36,5.623454263676361,2024-01,107.46066227086972,5.373033113543487,True,False,False,False,False,5.623454263676361
101,1017,5.623454263676361,2024-01-17,2.1,A116,Instagram,81.0,4.6,Neutral,50.44,5.623454263676361,2024-01,107.46066227086972,5.373033113543487,True,False,False,False,False,5.623454263676361
101,1017,5.623454263676361,2024-01-17,2.1,A116,TikTok,83.0,1.2,Negative,50.28,5.623454263676361,2024-01,107.46066227086972,5.373033113543487,True,False,False,False,False,5.623454263676361
187,1018,6.16360869527574,2024-01-18,4.8,A124,TikTok,75.0,4.6,Neutral,46.84,5.999403259882847,2024-01,74.2092013251936,6.184100110432801,False,False,False,True,False,5.999403259882847
187,1018,6.16360869527574,2024-01-18,4.8,A124,Facebook,95.0,3.7,Positive,58.48,6.081505977579294,2024-01,74.2092013251936,6.184100110432801,False,False,False,True,False,6.081505977579294
187,1018,6.16360869527574,2024-01-18,4.8,A124,LinkedIn,77.0,3.2,Positive,47.48,6.16360869527574,2024-01,74.2092013251936,6.184100110432801,False,False,False,True,False,6.16360869527574
129,1019,5.602142411268731,2024-01-19,4.0,A114,Facebook,87.0,4.8,Negative,54.12,5.602142411268731,2024-01,11.634277237158614,5.817138618579307,False,False,True,False,False,5.602142411268731
137,1020,5.573503214577362,2024-01-20,3.2,A149,Facebook,51.0,1.3,Positive,31.12,5.573503214577362,2024-01,10.794249789045017,5.397124894522507,False,False,True,False,False,5.573503214577362
101,1021,5.305348791398795,2024-01-21,3.4,A116,Twitter,78.0,1.1,Negative,47.24,5.5174191062505065,2024-01,107.46066227086972,5.373033113543487,False,False,False,True,False,5.5174191062505065
101,1021,5.305348791398795,2024-01-21,3.4,A116,LinkedIn,89.0,2.4,Neutral,54.36,5.41138394882465,2024-01,107.46066227086972,5.373033113543487,False,False,False,True,False,5.41138394882465
101,1021,5.305348791398795,2024-01-21,3.4,A116,Instagram,81.0,4.6,Neutral,50.44,5.305348791398795,2024-01,107.46066227086972,5.373033113543487,False,False,False,True,False,5.305348791398795
101,1021,5.305348791398795,2024-01-21,3.4,A116,TikTok,83.0,1.2,Negative,50.28,5.305348791398795,2024-01,107.46066227086972,5.373033113543487,False,False,False,True,False,5.305348791398795
101,1021,5.305348791398795,2024-01-21,3.4,A116,Twitter,78.0,1.1,Negative,47.24,5.305348791398795,2024-01,107.46066227086972,5.373033113543487,False,False,False,True,False,5.305348791398795
163,1022,5.323168878838362,2024-01-22,2.7,A180,Facebook,57.0,3.8,Negative,35.72,5.323168878838362,2024-01,21.586944809123075,5.396736202280769,False,False,False,True,False,5.323168878838362
163,1022,5.323168878838362,2024-01-22,2.7,A180,LinkedIn,98.0,2.1,Negative,59.64,5.323168878838362,2024-01,21.586944809123075,5.396736202280769,False,False,False,True,False,5.323168878838362
159,1023,4.363940914714996,2024-01-23,2.0,A170,Unknown,78.0,3.6,Neutral,48.24,4.363940914714996,2024-01,8.477430827537324,4.238715413768662,False,False,False,True,False,4.363940914714996
120,1024,4.450079310084759,2024-01-24,2.4,A159,Unknown,78.0,3.6,Neutral,48.24,5.1713257036814895,2024-01,20.86217080069847,5.215542700174617,False,False,False,False,True,5.1713257036814895
132,1025,4.117949134700744,2024-01-25,4.0,A134,Unknown,78.0,3.6,Neutral,48.24,4.117949134700744,2024-01,8.081421659114737,4.040710829557368,False,False,True,False,False,4.117949134700744
175,1026,5.374980954305005,2024-01-26,1.1,A176,Facebook,70.0,3.3,Negative,43.32,5.374980954305005,2024-01,10.720853049111671,5.360426524555836,False,False,False,False,True,5.374980954305005
157,1027,5.910163699351147,2024-01-27,1.5,A168,LinkedIn,60.0,4.4,Positive,37.76,5.910163699351147,2024-01,11.99657107657313,5.998285538286565,False,False,False,True,False,5.910163699351147
121,1028,5.44263947800137,2024-01-28,1.2,A185,TikTok,90.0,3.4,Neutral,55.36,5.134315188601745,2024-01,85.1267417586132,5.320421359913325,False,False,True,False,False,5.134315188601745
121,1028,5.44263947800137,2024-01-28,1.2,A185,Facebook,78.0,2.4,Positive,47.76,5.288477333301557,2024-01,85.1267417586132,5.320421359913325,False,False,True,False,False,5.288477333301557
121,1028,5.44263947800137,2024-01-28,1.2,A185,TikTok,59.0,3.6,Positive,36.84,5.44263947800137,2024-01,85.1267417586132,5.320421359913325,False,False,True,False,False,5.44263947800137
121,1028,5.44263947800137,2024-01-28,1.2,A185,TikTok,50.0,1.5,Negative,30.6,5.44263947800137,2024-01,85.1267417586132,5.320421359913325,False,False,True,False,False,5.44263947800137
188,1029,5.653165884674499,2024-01-29,1.2,A192,Instagram,60.0,4.3,Positive,37.72,5.653165884674499,2024-01,11.342903732445444,5.671451866222722,False,False,False,False,True,5.653165884674499
148,1030,4.944914392309123,2024-01-30,4.4,,Unknown,78.0,3.6,Neutral,48.24,4.944914392309123,2024-01,9.424742984659256,4.712371492329629,False,False,False,False,True,4.944914392309123
190,1031,5.793157176290525,2024-01-31,3.8,A133,Twitter,72.0,1.9,Positive,43.96,5.793157176290525,2024-01,33.0778618635698,5.5129769772616335,False,False,False,True,False,5.793157176290525
190,1031,5.793157176290525,2024-01-31,3.8,A133,Twitter,71.0,4.8,Negative,44.52,5.793157176290525,2024-01,33.0778618635698,5.5129769772616335,False,False,False,True,False,5.793157176290525
190,1031,5.793157176290525,2024-01-31,3.8,A133,Instagram,52.0,2.7,Positive,32.28,5.793157176290525,2024-01,33.0778618635698,5.5129769772616335,False,False,False,True,False,5.793157176290525
158,1032,4.808445190503094,2024-02-01,2.9,A126,TikTok,75.0,3.1,Neutral,46.24,4.808445190503094,2024-02,19.894358630723023,4.973589657680757,False,False,True,False,False,4.808445190503094
158,1032,4.808445190503094,2024-02-01,2.9,A126,Facebook,98.0,4.3,Negative,60.52,4.808445190503094,2024-02,19.894358630723023,4.973589657680757,False,False,True,False,False,4.808445190503094
141,1033,5.411364390089852,2024-02-02,1.4,A107,Twitter,96.0,1.9,Neutral,58.35999999999999,5.411364390089852,2024-02,32.01804128790522,5.33634021465087,False,False,False,True,False,5.411364390089852
141,1033,5.411364390089852,2024-02-02,1.4,A107,Facebook,62.0,4.4,Positive,38.96,5.411364390089852,2024-02,32.01804128790522,5.33634021465087,False,False,False,True,False,5.411364390089852
141,1033,5.411364390089852,2024-02-02,1.4,A107,Twitter,73.0,4.2,Positive,45.48,5.411364390089852,2024-02,32.01804128790522,5.33634021465087,False,False,False,True,False,5.411364390089852
191,1034,4.4925681123628,2024-02-03,3.0,A114,Facebook,87.0,4.8,Negative,54.12,4.4925681123628,2024-02,8.80634758065218,4.40317379032609,False,False,True,False,False,4.4925681123628
159,1035,4.825150830802345,2024-02-04,2.9,A170,Unknown,78.0,3.6,Neutral,48.24,4.594545872758671,2024-02,21.549817875411847,5.387454468852962,True,False,False,False,False,4.594545872758671
179,1036,6.207699936897036,2024-02-05,1.7,A111,Instagram,98.0,4.1,Negative,60.44,6.207699936897036,2024-02,12.73929955639891,6.369649778199455,False,True,False,False,False,6.207699936897036
114,1037,5.094869089717016,2024-02-06,2.7,A171,Unknown,78.0,3.6,Neutral,48.24,5.5915021164413545,2024-02,9.753023502669803,4.876511751334903,False,True,False,False,False,5.5915021164413545
161,1038,5.825539438186361,2024-02-07,2.6,A118,Facebook,76.0,3.9,Negative,47.16,5.825539438186361,2024-02,28.40054995439645,4.733424992399407,False,True,False,False,False,5.825539438186361
161,1039,4.361470383902949,2024-02-08,2.985,A118,Facebook,76.0,3.9,Negative,47.16,5.093504911044655,2024-02,28.40054995439645,4.733424992399407,False,False,False,True,False,5.093504911044655
146,1040,5.049587081203642,2024-02-09,3.5,A196,Instagram,85.0,3.9,Negative,52.56,5.049587081203642,2024-02,9.906718432665317,4.953359216332657,True,False,False,False,False,5.049587081203642
161,1041,4.670955733544344,2024-02-10,1.2,A118,Facebook,76.0,3.9,Negative,47.16,4.952655185211218,2024-02,28.40054995439645,4.733424992399407,False,False,True,False,False,4.952655185211218
150,1042,5.980636459255527,2024-02-11,2.985,A143,Instagram,68.0,1.2,Negative,41.28,5.980636459255527,2024-02,22.385123188954424,5.596280797238606,False,False,False,False,True,5.980636459255527
154,1043,5.768572764034594,2024-02-12,2.985,,Unknown,78.0,3.6,Neutral,48.24,5.768572764034594,2024-02,11.624916790947571,5.8124583954737865,False,False,True,False,False,5.768572764034594
163,1044,6.194224971502361,2024-02-13,3.0,A180,Facebook,57.0,3.8,Negative,35.72,5.613520909726361,2024-02,24.59506870199209,6.148767175498024,False,False,False,False,True,5.613520909726361
163,1044,6.194224971502361,2024-02-13,3.0,A180,LinkedIn,98.0,2.1,Negative,59.64,5.90387294061436,2024-02,24.59506870199209,6.148767175498024,False,False,False,False,True,5.90387294061436
102,1045,6.0154290668912616,2024-02-14,4.4,,Unknown,78.0,3.6,Neutral,48.24,5.358593000254003,2024-02,11.795495173203896,5.897747586601948,False,False,True,False,False,5.358593000254003
150,1046,5.180763154694195,2024-02-15,3.6,A143,Instagram,68.0,1.2,Negative,41.28,5.580699806974861,2024-02,22.385123188954424,5.596280797238606,True,False,False,False,False,5.580699806974861
106,1047,5.978788952459225,2024-02-16,1.7,A102,LinkedIn,51.0,4.8,Neutral,32.52,5.978788952459225,2024-02,11.447390580962562,5.723695290481281,False,False,False,False,True,5.978788952459225
120,1048,5.670359014439593,2024-02-17,1.3,A159,Unknown,78.0,3.6,Neutral,48.24,5.337670140600857,2024-02,11.009541046605587,5.504770523302794,False,False,False,True,False,5.337670140600857
172,1049,5.455107771387301,2024-02-18,3.6,,Unknown,78.0,3.6,Neutral,48.24,5.455107771387301,2024-02,10.730111765346226,5.365055882673113,False,False,True,False,False,5.455107771387301
138,1050,5.540231265827881,2024-02-19,1.1,A124,TikTok,75.0,4.6,Neutral,46.84,5.540231265827881,2024-02,33.21034572052852,5.535057620088087,False,False,True,False,False,5.540231265827881
138,1050,5.540231265827881,2024-02-19,1.1,A124,Facebook,95.0,3.7,Positive,58.48,5.540231265827881,2024-02,33.21034572052852,5.535057620088087,False,False,True,False,False,5.540231265827881
138,1050,5.540231265827881,2024-02-19,1.1,A124,LinkedIn,77.0,3.2,Positive,47.48,5.540231265827881,2024-02,33.21034572052852,5.535057620088087,False,False,True,False,False,5.540231265827881
117,1051,6.114902775287284,2024-02-20,3.3,,Unknown,78.0,3.6,Neutral,48.24,6.114902775287284,2024-02,12.369348165542776,6.184674082771388,False,False,False,False,True,6.114902775287284
103,1052,6.11386582179844,2024-02-21,4.8,A194,LinkedIn,89.0,4.0,Negative,55.0,6.11386582179844,2024-02,12.134027098171163,6.067013549085582,False,False,False,True,False,6.11386582179844
188,1053,5.826609273496457,2024-02-22,3.3,A192,Instagram,60.0,4.3,Positive,37.72,5.739887579085478,2024-02,11.566743821879587,5.783371910939794,False,False,False,True,False,5.739887579085478
159,1054,6.140743920528895,2024-02-23,2.6,A170,Unknown,78.0,3.6,Neutral,48.24,5.109945222015412,2024-02,21.549817875411847,5.387454468852962,True,False,False,False,False,5.109945222015412
113,1055,5.096853965503663,2024-02-24,3.6,A196,Instagram,85.0,3.9,Negative,52.56,5.096853965503663,2024-02,10.06422288367563,5.032111441837815,False,False,False,True,False,5.096853965503663
108,1056,5.092610100070703,2024-02-25,2.8,,Unknown,78.0,3.6,Neutral,48.24,5.092610100070703,2024-02,10.011591589102672,5.005795794551336,False,False,False,True,False,5.092610100070703
189,1057,5.734796567732237,2024-02-26,3.2,A173,TikTok,63.0,4.3,Negative,39.52,5.734796567732237,2024-02,22.53242552811825,5.6331063820295615,False,False,False,True,False,5.734796567732237
189,1057,5.734796567732237,2024-02-26,3.2,A173,Facebook,78.0,3.9,Negative,48.36,5.734796567732237,2024-02,22.53242552811825,5.6331063820295615,False,False,False,True,False,5.734796567732237
152,1058,5.733300526948377,2024-02-27,4.8,A152,Facebook,95.0,4.1,Positive,58.64,5.924476519973414,2024-02,21.81364765337621,5.453411913344053,False,True,False,False,False,5.924476519973414
152,1058,5.733300526948377,2024-02-27,4.8,A152,Instagram,81.0,4.2,Positive,50.28,5.828888523460896,2024-02,21.81364765337621,5.453411913344053,False,True,False,False,False,5.828888523460896
101,1059,6.033913452013685,2024-02-28,2.5,A116,Twitter,78.0,1.1,Negative,47.24,5.548203678270425,2024-02,61.11258717253758,6.111258717253758,True,False,False,False,False,5.548203678270425
101,1059,6.033913452013685,2024-02-28,2.5,A116,LinkedIn,89.0,2.4,Neutral,54.36,5.791058565142055,2024-02,61.11258717253758,6.111258717253758,True,False,False,False,False,5.791058565142055
101,1059,6.033913452013685,2024-02-28,2.5,A116,Instagram,81.0,4.6,Neutral,50.44,6.033913452013685,2024-02,61.11258717253758,6.111258717253758,True,False,False,False,False,6.033913452013685
101,1059,6.033913452013685,2024-02-28,2.5,A116,TikTok,83.0,1.2,Negative,50.28,6.033913452013685,2024-02,61.11258717253758,6.111258717253758,True,False,False,False,False,6.033913452013685
101,1059,6.033913452013685,2024-02-28,2.5,A116,Twitter,78.0,1.1,Negative,47.24,6.033913452013685,2024-02,61.11258717253758,6.111258717253758,True,False,False,False,False,6.033913452013685
183,1060,5.565960165593958,2024-02-29,4.8,A183,TikTok,90.0,4.1,Positive,55.64,5.565960165593958,2024-02,21.44148971997009,5.360372429992522,False,False,True,False,False,5.565960165593958
183,1060,5.565960165593958,2024-02-29,4.8,A183,TikTok,72.0,5.0,Positive,45.2,5.565960165593958,2024-02,21.44148971997009,5.360372429992522,False,False,True,False,False,5.565960165593958
191,1061,6.1686176290269366,2024-03-01,4.6,A114,Facebook,87.0,4.8,Negative,54.12,5.330592870694868,2024-03,12.04831084115031,6.024155420575155,False,False,False,False,True,5.330592870694868
159,1062,5.234149459284432,2024-03-02,1.8,A170,Unknown,78.0,3.6,Neutral,48.24,5.400014736871891,2024-03,10.607627632604562,5.303813816302281,False,False,True,False,False,5.400014736871891
170,1063,5.965409371622016,2024-03-03,1.3,A181,Twitter,66.0,2.1,Positive,40.440000000000005,5.965409371622016,2024-03,11.741063156996075,5.870531578498039,True,False,False,False,False,5.965409371622016
143,1064,5.324467886285165,2024-03-04,1.4,,Unknown,78.0,3.6,Neutral,48.24,5.324467886285165,2024-03,23.36352416780649,5.840881041951622,False,False,False,False,True,5.324467886285165
107,1065,5.675901529210622,2024-03-05,1.1,,Unknown,78.0,3.6,Neutral,48.24,5.675901529210622,2024-03,11.680988319272522,5.840494159636261,True,False,False,False,False,5.675901529210622
146,1066,5.845806576897435,2024-03-06,1.4,A196,Instagram,85.0,3.9,Negative,52.56,5.447696829050539,2024-03,12.113235605975484,6.056617802987741,False,False,False,True,False,5.447696829050539
134,1067,5.6411415290930265,2024-03-07,3.7,A120,Facebook,83.0,1.4,Positive,50.36,5.6411415290930265,2024-03,32.626481044131395,5.437746840688566,False,False,False,False,True,5.6411415290930265
134,1067,5.6411415290930265,2024-03-07,3.7,A120,Instagram,56.0,3.0,Positive,34.800000000000004,5.6411415290930265,2024-03,32.626481044131395,5.437746840688566,False,False,False,False,True,5.6411415290930265
134,1067,5.6411415290930265,2024-03-07,3.7,A120,Instagram,92.0,3.6,Positive,56.63999999999999,5.6411415290930265,2024-03,32.626481044131395,5.437746840688566,False,False,False,False,True,5.6411415290930265
177,1068,5.393856232083913,2024-03-08,1.3,A183,TikTok,90.0,4.1,Positive,55.64,5.393856232083913,2024-03,21.06250521872412,5.26562630468103,False,False,False,True,False,5.393856232083913
177,1068,5.393856232083913,2024-03-08,1.3,A183,TikTok,72.0,5.0,Positive,45.2,5.393856232083913,2024-03,21.06250521872412,5.26562630468103,False,False,False,True,False,5.393856232083913
180,1069,5.2728188599471055,2024-03-09,2.3,A131,LinkedIn,87.0,3.0,Positive,53.4,5.2728188599471055,2024-03,10.0879918739246,5.0439959369623,False,False,True,False,False,5.2728188599471055
135,1070,5.780643788534292,2024-03-10,2.985,A129,Twitter,54.0,4.5,Neutral,34.2,5.780643788534292,2024-03,11.907467899821846,5.953733949910923,False,False,True,False,False,5.780643788534292
149,1071,6.002738080675417,2024-03-11,1.1,A131,LinkedIn,87.0,3.0,Positive,53.4,6.002738080675417,2024-03,11.863138358081043,5.9315691790405225,False,False,False,False,True,6.002738080675417
103,1072,5.29970327728766,2024-03-12,4.3,A194,LinkedIn,89.0,4.0,Negative,55.0,5.70678454954305,2024-03,19.82577116066032,4.95644279016508,False,False,False,False,True,5.70678454954305
101,1073,5.0123455708244,2024-03-13,2.1,A116,Twitter,78.0,1.1,Negative,47.24,5.693390824950591,2024-03,52.37321104464272,5.2373211044642725,True,False,False,False,False,5.693390824950591
101,1073,5.0123455708244,2024-03-13,2.1,A116,LinkedIn,89.0,2.4,Neutral,54.36,5.352868197887495,2024-03,52.37321104464272,5.2373211044642725,True,False,False,False,False,5.352868197887495
101,1073,5.0123455708244,2024-03-13,2.1,A116,Instagram,81.0,4.6,Neutral,50.44,5.0123455708244,2024-03,52.37321104464272,5.2373211044642725,True,False,False,False,False,5.0123455708244
101,1073,5.0123455708244,2024-03-13,2.1,A116,TikTok,83.0,1.2,Negative,50.28,5.0123455708244,2024-03,52.37321104464272,5.2373211044642725,True,False,False,False,False,5.0123455708244
101,1073,5.0123455708244,2024-03-13,2.1,A116,Twitter,78.0,1.1,Negative,47.24,5.0123455708244,2024-03,52.37321104464272,5.2373211044642725,True,False,False,False,False,5.0123455708244
105,1074,5.656285033303279,2024-03-14,1.5,A163,TikTok,53.0,4.0,Neutral,33.4,5.656285033303279,2024-03,22.903664116921608,5.725916029230402,True,False,False,False,False,5.656285033303279
105,1074,5.656285033303279,2024-03-14,1.5,A163,TikTok,96.0,3.2,Neutral,58.88,5.656285033303279,2024-03,22.903664116921608,5.725916029230402,True,False,False,False,False,5.656285033303279
153,1075,5.360696015404768,2024-03-15,3.8,,Unknown,78.0,3.6,Neutral,48.24,5.360696015404768,2024-03,22.50929562154013,5.627323905385032,False,False,False,True,False,5.360696015404768
103,1076,4.950636557511366,2024-03-16,3.5,A194,LinkedIn,89.0,4.0,Negative,55.0,5.454735218865822,2024-03,19.82577116066032,4.95644279016508,False,False,False,False,True,5.454735218865822
153,1077,5.90169407825211,2024-03-17,4.5,,Unknown,78.0,3.6,Neutral,48.24,5.631195046828439,2024-03,22.50929562154013,5.627323905385032,False,False,True,False,False,5.631195046828439
192,1078,6.152460926319311,2024-03-18,3.9,A156,Instagram,52.0,4.9,Positive,33.16,5.961505090645033,2024-03,12.3258621684747,6.16293108423735,True,False,False,False,False,5.961505090645033
162,1079,4.568265663922434,2024-03-19,4.2,A126,TikTok,75.0,3.1,Neutral,46.24,4.568265663922434,2024-03,18.66286948447334,4.665717371118335,True,False,False,False,False,4.568265663922434
162,1079,4.568265663922434,2024-03-19,4.2,A126,Facebook,98.0,4.3,Negative,60.52,4.568265663922434,2024-03,18.66286948447334,4.665717371118335,True,False,False,False,False,4.568265663922434
117,1080,5.750008947762401,2024-03-20,2.1,,Unknown,78.0,3.6,Neutral,48.24,5.932455861524843,2024-03,11.585204212611302,5.792602106305651,False,False,True,False,False,5.932455861524843
189,1081,5.825657461173119,2024-03-21,2.985,A173,TikTok,63.0,4.3,Negative,39.52,5.765083532212532,2024-03,22.39287067215217,5.598217668038043,True,False,False,False,False,5.765083532212532
189,1081,5.825657461173119,2024-03-21,2.985,A173,Facebook,78.0,3.9,Negative,48.36,5.795370496692826,2024-03,22.39287067215217,5.598217668038043,True,False,False,False,False,5.795370496692826
143,1082,6.029570482170296,2024-03-22,4.0,,Unknown,78.0,3.6,Neutral,48.24,5.67701918422773,2024-03,23.36352416780649,5.840881041951622,False,False,False,True,False,5.67701918422773
133,1083,6.086702936019401,2024-03-23,4.2,,Unknown,78.0,3.6,Neutral,48.24,6.086702936019401,2024-03,11.917776485503246,5.958888242751623,False,False,False,False,True,6.086702936019401
173,1084,5.12261114036249,2024-03-24,5.0,A194,LinkedIn,89.0,4.0,Negative,55.0,5.12261114036249,2024-03,9.919521365457676,4.959760682728838,False,False,True,False,False,5.12261114036249
161,1085,4.952782324817706,2024-03-25,2.7,A118,Facebook,76.0,3.9,Negative,47.16,4.661736147421666,2024-03,9.86570497503638,4.93285248751819,False,False,False,False,True,4.661736147421666
199,1086,5.127617202160329,2024-03-26,2.5,A178,LinkedIn,74.0,4.9,Positive,46.36,5.415065506379116,2024-03,30.228370650955057,5.038061775159176,True,False,False,False,False,5.415065506379116
199,1086,5.127617202160329,2024-03-26,2.5,A178,LinkedIn,53.0,1.5,Neutral,32.4,5.2713413542697225,2024-03,30.228370650955057,5.038061775159176,True,False,False,False,False,5.2713413542697225
199,1086,5.127617202160329,2024-03-26,2.5,A178,TikTok,68.0,3.5,Negative,42.2,5.127617202160329,2024-03,30.228370650955057,5.038061775159176,True,False,False,False,False,5.127617202160329
113,1087,6.125442944753083,2024-03-27,4.1,A196,Instagram,85.0,3.9,Negative,52.56,5.611148455128373,2024-03,12.772318759783866,6.386159379891933,True,False,False,False,False,5.611148455128373
194,1088,4.844284307293493,2024-03-28,2.4,A110,Unknown,78.0,3.6,Neutral,48.24,4.844284307293493,2024-03,9.567161079576657,4.783580539788328,False,False,True,False,False,4.844284307293493
147,1089,5.505378783868756,2024-03-29,2.985,A159,Unknown,78.0,3.6,Neutral,48.24,5.505378783868756,2024-03,10.896144523913676,5.448072261956838,False,False,False,True,False,5.505378783868756
114,1090,5.071808290183417,2024-03-30,4.4,A171,Unknown,78.0,3.6,Neutral,48.24,5.418270841022042,2024-03,9.711863688258251,4.855931844129126,False,True,False,False,False,5.418270841022042
171,1091,3.987430316423957,2024-03-31,2.7,,Unknown,78.0,3.6,Neutral,48.24,4.839976271544763,2024-03,8.145213061001964,4.072606530500982,False,False,True,False,False,4.839976271544763
177,1092,5.207846760387479,2024-04-01,4.0,A183,TikTok,90.0,4.1,Positive,55.64,5.331853074851769,2024-04,21.630422259935496,5.407605564983874,False,True,False,False,False,5.331853074851769
177,1092,5.207846760387479,2024-04-01,4.0,A183,TikTok,72.0,5.0,Positive,45.2,5.269849917619624,2024-04,21.630422259935496,5.407605564983874,False,True,False,False,False,5.269849917619624
186,1093,5.592826378953856,2024-04-02,4.0,A160,TikTok,56.0,2.6,Positive,34.64,5.877479057424762,2024-04,34.696836609702146,5.782806101617024,False,True,False,False,False,5.877479057424762
186,1093,5.592826378953856,2024-04-02,4.0,A160,LinkedIn,73.0,2.0,Neutral,44.6,5.735152718189309,2024-04,34.696836609702146,5.782806101617024,False,True,False,False,False,5.735152718189309
186,1093,5.592826378953856,2024-04-02,4.0,A160,Instagram,89.0,2.9,Neutral,54.56,5.592826378953856,2024-04,34.696836609702146,5.782806101617024,False,True,False,False,False,5.592826378953856
161,1094,4.704485802215636,2024-04-03,1.4,A118,Facebook,76.0,3.9,Negative,47.16,4.776074620192563,2024-04,9.78298294681207,4.891491473406035,False,False,False,True,False,4.776074620192563
139,1095,5.991329986641355,2024-04-04,4.6,A157,Unknown,78.0,3.6,Neutral,48.24,5.991329986641355,2024-04,12.093409882938351,6.0467049414691765,False,True,False,False,False,5.991329986641355
184,1096,5.638064916975111,2024-04-05,3.0,,Unknown,78.0,3.6,Neutral,48.24,5.638064916975111,2024-04,11.815516450243315,5.9077582251216585,False,True,False,False,False,5.638064916975111
179,1097,5.572745068018718,2024-04-06,4.3,A111,Instagram,98.0,4.1,Negative,60.44,5.890222502457878,2024-04,10.854189194096351,5.4270945970481765,False,False,False,True,False,5.890222502457878
181,1098,6.060651248253647,2024-04-07,2.985,A177,LinkedIn,77.0,1.4,Positive,46.76,6.060651248253647,2024-04,24.33732869810316,6.08433217452579,False,True,False,False,False,6.060651248253647
181,1098,6.060651248253647,2024-04-07,2.985,A177,Twitter,65.0,1.3,Positive,39.52,6.060651248253647,2024-04,24.33732869810316,6.08433217452579,False,True,False,False,False,6.060651248253647
152,1099,6.125620026685208,2024-04-08,4.6,A152,Facebook,95.0,4.1,Positive,58.64,5.864073693527321,2024-04,23.795251331850416,5.948812832962604,False,True,False,False,False,5.864073693527321
152,1099,6.125620026685208,2024-04-08,4.6,A152,Instagram,81.0,4.2,Positive,50.28,5.994846860106264,2024-04,23.795251331850416,5.948812832962604,False,True,False,False,False,5.994846860106264
123,1100,5.266864088576313,2024-04-09,2.6,,Unknown,78.0,3.6,Neutral,48.24,5.480609257398026,2024-04,10.19078388826944,5.09539194413472,False,True,False,False,False,5.480609257398026
125,1101,5.211010941343382,2024-04-10,2.985,A166,Instagram,90.0,3.8,Neutral,55.52,5.211010941343382,2024-04,29.80096456624144,4.966827427706906,False,False,True,False,False,5.211010941343382
125,1101,5.211010941343382,2024-04-10,2.985,A166,Instagram,74.0,4.3,Neutral,46.12,5.211010941343382,2024-04,29.80096456624144,4.966827427706906,False,False,True,False,False,5.211010941343382
125,1101,5.211010941343382,2024-04-10,2.985,A166,TikTok,56.0,1.5,Neutral,34.2,5.211010941343382,2024-04,29.80096456624144,4.966827427706906,False,False,True,False,False,5.211010941343382
188,1102,4.613604884154922,2024-04-11,4.6,A192,Instagram,60.0,4.3,Positive,37.72,5.3644600141086265,2024-04,21.336227571092017,5.334056892773004,False,False,True,False,False,5.3644600141086265
159,1103,5.380652265602312,2024-04-12,1.4,A170,Unknown,78.0,3.6,Neutral,48.24,5.585181881805212,2024-04,10.897708556375932,5.448854278187966,False,False,True,False,False,5.585181881805212
140,1104,5.610012130634092,2024-04-13,2.3,A145,Twitter,92.0,2.4,Neutral,56.16,5.610012130634092,2024-04,11.64163572711421,5.820817863557105,False,False,False,True,False,5.610012130634092
128,1105,5.343884851514747,2024-04-14,4.8,A132,LinkedIn,63.0,3.3,Positive,39.12,5.343884851514747,2024-04,10.928518720762284,5.464259360381142,True,False,False,False,False,5.343884851514747
114,1106,5.541628542606091,2024-04-15,4.8,A171,Unknown,78.0,3.6,Neutral,48.24,5.236101974168841,2024-04,11.5918640396571,5.79593201982855,False,True,False,False,False,5.236101974168841
144,1107,6.236643876093016,2024-04-16,3.3,A116,Twitter,78.0,1.1,Negative,47.24,6.236643876093016,2024-04,65.067908375346,6.5067908375346,False,True,False,False,False,6.236643876093016
144,1107,6.236643876093016,2024-04-16,3.3,A116,LinkedIn,89.0,2.4,Neutral,54.36,6.236643876093016,2024-04,65.067908375346,6.5067908375346,False,True,False,False,False,6.236643876093016
144,1107,6.236643876093016,2024-04-16,3.3,A116,Instagram,81.0,4.6,Neutral,50.44,6.236643876093016,2024-04,65.067908375346,6.5067908375346,False,True,False,False,False,6.236643876093016
144,1107,6.236643876093016,2024-04-16,3.3,A116,TikTok,83.0,1.2,Negative,50.28,6.236643876093016,2024-04,65.067908375346,6.5067908375346,False,True,False,False,False,6.236643876093016
164,1108,5.709700193413006,2024-04-17,3.5,A119,Unknown,78.0,3.6,Neutral,48.24,5.709700193413006,2024-04,11.503381995890706,5.751690997945353,False,False,False,True,False,5.709700193413006
188,1109,5.971371605600243,2024-04-18,2.8,A192,Instagram,60.0,4.3,Positive,37.72,5.4705285877505405,2024-04,21.336227571092017,5.334056892773004,False,True,False,False,False,5.4705285877505405
170,1110,6.214362809452148,2024-04-19,2.985,A181,Twitter,66.0,2.1,Positive,40.440000000000005,6.089886090537082,2024-04,12.625424368837429,6.312712184418714,False,False,True,False,False,6.089886090537082
108,1111,5.559066383586373,2024-04-20,2.3,,Unknown,78.0,3.6,Neutral,48.24,5.325838241828539,2024-04,10.721636600789964,5.360818300394982,True,False,False,False,False,5.325838241828539
187,1112,5.455130422238219,2024-04-21,3.7,A124,TikTok,75.0,4.6,Neutral,46.84,5.927449270929899,2024-04,63.87085877175649,5.322571564313041,False,False,False,False,True,5.927449270929899
187,1112,5.455130422238219,2024-04-21,3.7,A124,Facebook,95.0,3.7,Positive,58.48,5.691289846584059,2024-04,63.87085877175649,5.322571564313041,False,False,False,False,True,5.691289846584059
187,1112,5.455130422238219,2024-04-21,3.7,A124,LinkedIn,77.0,3.2,Positive,47.48,5.455130422238219,2024-04,63.87085877175649,5.322571564313041,False,False,False,False,True,5.455130422238219
100,1113,5.174622600412308,2024-04-22,4.0,,Unknown,78.0,3.6,Neutral,48.24,5.174622600412308,2024-04,10.147329705293952,5.073664852646976,False,True,False,False,False,5.174622600412308
107,1114,6.05891266455276,2024-04-23,4.2,,Unknown,78.0,3.6,Neutral,48.24,5.86740709688169,2024-04,24.43358196752381,6.1083954918809535,False,False,True,False,False,5.86740709688169
187,1115,5.636304688435287,2024-04-24,4.2,A124,TikTok,75.0,4.6,Neutral,46.84,5.515521844303908,2024-04,63.87085877175649,5.322571564313041,False,False,False,False,True,5.515521844303908
187,1115,5.636304688435287,2024-04-24,4.2,A124,Facebook,95.0,3.7,Positive,58.48,5.575913266369597,2024-04,63.87085877175649,5.322571564313041,False,False,False,False,True,5.575913266369597
187,1115,5.636304688435287,2024-04-24,4.2,A124,LinkedIn,77.0,3.2,Positive,47.48,5.636304688435287,2024-04,63.87085877175649,5.322571564313041,False,False,False,False,True,5.636304688435287
162,1116,5.83819310039617,2024-04-25,1.4,A126,TikTok,75.0,3.1,Neutral,46.24,4.991574809413679,2024-04,22.54090703195117,5.635226757987793,True,False,False,False,False,4.991574809413679
162,1116,5.83819310039617,2024-04-25,1.4,A126,Facebook,98.0,4.3,Negative,60.52,5.4148839549049255,2024-04,22.54090703195117,5.635226757987793,True,False,False,False,False,5.4148839549049255
110,1117,5.741763774722791,2024-04-26,3.0,A137,LinkedIn,93.0,3.5,Neutral,57.2,5.741763774722791,2024-04,23.99200830579793,5.998002076449483,False,False,False,False,True,5.741763774722791
110,1117,5.741763774722791,2024-04-26,3.0,A137,TikTok,99.0,3.1,Positive,60.64,5.741763774722791,2024-04,23.99200830579793,5.998002076449483,False,False,False,False,True,5.741763774722791
180,1118,5.9013143878936685,2024-04-27,1.2,A131,LinkedIn,87.0,3.0,Positive,53.4,5.587066623920387,2024-04,11.73944893578446,5.86972446789223,False,False,True,False,False,5.587066623920387
107,1119,6.099232549345529,2024-04-28,3.2,,Unknown,78.0,3.6,Neutral,48.24,5.94468224770297,2024-04,24.43358196752381,6.1083954918809535,False,False,False,False,True,5.94468224770297
134,1120,4.978369989033939,2024-04-29,2.8,A120,Facebook,83.0,1.4,Positive,50.36,5.420217682406665,2024-04,65.14499960949362,5.428749967457802,False,False,False,True,False,5.420217682406665
134,1120,4.978369989033939,2024-04-29,2.8,A120,Instagram,56.0,3.0,Positive,34.800000000000004,5.199293835720302,2024-04,65.14499960949362,5.428749967457802,False,False,False,True,False,5.199293835720302
134,1120,4.978369989033939,2024-04-29,2.8,A120,Instagram,92.0,3.6,Positive,56.63999999999999,4.978369989033939,2024-04,65.14499960949362,5.428749967457802,False,False,False,True,False,4.978369989033939
134,1121,5.503129102270208,2024-04-30,4.6,A120,Facebook,83.0,1.4,Positive,50.36,5.153289693446028,2024-04,65.14499960949362,5.428749967457802,False,False,False,False,True,5.153289693446028
134,1121,5.503129102270208,2024-04-30,4.6,A120,Instagram,56.0,3.0,Positive,34.800000000000004,5.328209397858118,2024-04,65.14499960949362,5.428749967457802,False,False,False,False,True,5.328209397858118
134,1121,5.503129102270208,2024-04-30,4.6,A120,Instagram,92.0,3.6,Positive,56.63999999999999,5.503129102270208,2024-04,65.14499960949362,5.428749967457802,False,False,False,False,True,5.503129102270208
132,1122,6.088203305353403,2024-05-01,2.4,A134,Unknown,78.0,3.6,Neutral,48.24,5.103076220027074,2024-05,23.7281346156306,5.9320336539076495,False,True,False,False,False,5.103076220027074
104,1123,5.654148420517584,2024-05-02,1.5,A192,Instagram,60.0,4.3,Positive,37.72,5.654148420517584,2024-05,23.381157296540003,5.845289324135001,False,True,False,False,False,5.654148420517584
140,1124,5.303943255350154,2024-05-03,1.6,A145,Twitter,92.0,2.4,Neutral,56.16,5.4569776929921225,2024-05,10.754667058060082,5.377333529030041,False,False,False,True,False,5.4569776929921225
127,1125,4.987537022373549,2024-05-04,4.0,A144,Twitter,70.0,1.3,Positive,42.52,4.987537022373549,2024-05,9.650193195137597,4.825096597568797,False,False,True,False,False,4.987537022373549
106,1126,5.541078229424627,2024-05-05,3.5,A102,LinkedIn,51.0,4.8,Neutral,32.52,5.759933590941926,2024-05,11.588919745137412,5.794459872568706,False,True,False,False,False,5.759933590941926
172,1127,5.161835532481878,2024-05-06,1.4,,Unknown,78.0,3.6,Neutral,48.24,5.308471651934589,2024-05,10.467761934785518,5.233880967392759,True,False,False,False,False,5.308471651934589
171,1128,5.482787054947623,2024-05-07,1.3,,Unknown,78.0,3.6,Neutral,48.24,5.054246532679049,2024-05,10.963382828340755,5.481691414170378,False,True,False,False,False,5.054246532679049
111,1129,5.919713394982399,2024-05-08,3.8,A137,LinkedIn,93.0,3.5,Neutral,57.2,5.919713394982399,2024-05,24.325587975462305,6.081396993865576,False,True,False,False,False,5.919713394982399
111,1129,5.919713394982399,2024-05-08,3.8,A137,TikTok,99.0,3.1,Positive,60.64,5.919713394982399,2024-05,24.325587975462305,6.081396993865576,False,True,False,False,False,5.919713394982399
133,1130,5.945920570034464,2024-05-09,1.3,,Unknown,78.0,3.6,Neutral,48.24,6.016311753026933,2024-05,11.298282021160553,5.649141010580276,False,False,True,False,False,6.016311753026933
132,1131,5.739875320626172,2024-05-10,4.3,A134,Unknown,78.0,3.6,Neutral,48.24,5.31534258689344,2024-05,23.7281346156306,5.9320336539076495,False,False,False,False,True,5.31534258689344
147,1132,5.334935639538749,2024-05-11,3.8,A159,Unknown,78.0,3.6,Neutral,48.24,5.420157211703753,2024-05,10.65264537181944,5.32632268590972,False,True,False,False,False,5.420157211703753
122,1133,5.719732647820288,2024-05-12,1.3,A123,Unknown,78.0,3.6,Neutral,48.24,5.719732647820288,2024-05,11.984637962353617,5.992318981176807,False,False,False,True,False,5.719732647820288
161,1134,6.167299184972216,2024-05-13,1.3,A118,Facebook,76.0,3.9,Negative,47.16,5.27485577066852,2024-05,12.932537398085495,6.4662686990427485,False,False,False,False,True,5.27485577066852
187,1135,6.100156839400512,2024-05-14,4.9,A124,TikTok,75.0,4.6,Neutral,46.84,5.790922072090363,2024-05,37.643915580070114,6.273985930011686,True,False,False,False,False,5.790922072090363
187,1135,6.100156839400512,2024-05-14,4.9,A124,Facebook,95.0,3.7,Positive,58.48,5.945539455745437,2024-05,37.643915580070114,6.273985930011686,True,False,False,False,False,5.945539455745437
187,1135,6.100156839400512,2024-05-14,4.9,A124,LinkedIn,77.0,3.2,Positive,47.48,6.100156839400512,2024-05,37.643915580070114,6.273985930011686,True,False,False,False,False,6.100156839400512
136,1136,6.117920597012214,2024-05-15,2.5,A107,Twitter,96.0,1.9,Neutral,58.35999999999999,6.117920597012214,2024-05,35.08647411333509,5.847745685555849,False,False,True,False,False,6.117920597012214
136,1136,6.117920597012214,2024-05-15,2.5,A107,Facebook,62.0,4.4,Positive,38.96,6.117920597012214,2024-05,35.08647411333509,5.847745685555849,False,False,True,False,False,6.117920597012214
136,1136,6.117920597012214,2024-05-15,2.5,A107,Twitter,73.0,4.2,Positive,45.48,6.117920597012214,2024-05,35.08647411333509,5.847745685555849,False,False,True,False,False,6.117920597012214
198,1137,6.123575901132585,2024-05-16,2.5,A132,LinkedIn,63.0,3.3,Positive,39.12,6.123575901132585,2024-05,24.426467168947227,6.106616792236807,True,False,False,False,False,6.123575901132585
143,1138,5.252490311458009,2024-05-17,4.3,,Unknown,78.0,3.6,Neutral,48.24,5.535509559971157,2024-05,10.195788991302525,5.097894495651262,False,False,False,False,True,5.535509559971157
185,1139,5.225417187962309,2024-05-18,4.8,,Unknown,78.0,3.6,Neutral,48.24,5.225417187962309,2024-05,10.647705919006658,5.323852959503329,False,False,False,False,True,5.225417187962309
190,1140,5.988832869689581,2024-05-19,4.9,A133,Twitter,72.0,1.9,Positive,43.96,5.858382407423544,2024-05,35.14576912097742,5.85762818682957,False,False,False,False,True,5.858382407423544
190,1140,5.988832869689581,2024-05-19,4.9,A133,Twitter,71.0,4.8,Negative,44.52,5.923607638556562,2024-05,35.14576912097742,5.85762818682957,False,False,False,False,True,5.923607638556562
190,1140,5.988832869689581,2024-05-19,4.9,A133,Instagram,52.0,2.7,Positive,32.28,5.988832869689581,2024-05,35.14576912097742,5.85762818682957,False,False,False,False,True,5.988832869689581
134,1141,5.506887351994443,2024-05-20,4.0,A120,Facebook,83.0,1.4,Positive,50.36,5.504381852178287,2024-05,32.944291970355614,5.490715328392603,True,False,False,False,False,5.504381852178287
134,1141,5.506887351994443,2024-05-20,4.0,A120,Instagram,56.0,3.0,Positive,34.800000000000004,5.5056346020863645,2024-05,32.944291970355614,5.490715328392603,True,False,False,False,False,5.5056346020863645
134,1141,5.506887351994443,2024-05-20,4.0,A120,Instagram,92.0,3.6,Positive,56.63999999999999,5.506887351994443,2024-05,32.944291970355614,5.490715328392603,True,False,False,False,False,5.506887351994443
164,1142,5.791236737272044,2024-05-21,2.5,A119,Unknown,78.0,3.6,Neutral,48.24,5.750468465342525,2024-05,11.089619605250222,5.544809802625111,False,False,False,False,True,5.750468465342525
198,1143,6.177701341462693,2024-05-22,2.985,A132,LinkedIn,63.0,3.3,Positive,39.12,6.150638621297639,2024-05,24.426467168947227,6.106616792236807,True,False,False,False,False,6.150638621297639
146,1144,6.099310918235903,2024-05-23,4.1,A196,Instagram,85.0,3.9,Negative,52.56,5.66490152544566,2024-05,12.516882098666816,6.258441049333408,False,False,False,False,True,5.66490152544566
177,1145,5.326662633340182,2024-05-24,3.2,A183,TikTok,90.0,4.1,Positive,55.64,5.247452051371713,2024-05,21.988985110696177,5.497246277674044,False,False,False,True,False,5.247452051371713
177,1145,5.326662633340182,2024-05-24,3.2,A183,TikTok,72.0,5.0,Positive,45.2,5.287057342355948,2024-05,21.988985110696177,5.497246277674044,False,False,False,True,False,5.287057342355948
102,1146,4.526149367313423,2024-05-25,2.7,,Unknown,78.0,3.6,Neutral,48.24,5.08111178927381,2024-05,9.255711527365794,4.627855763682897,False,False,False,False,True,5.08111178927381
100,1147,6.053598043400207,2024-05-26,4.6,,Unknown,78.0,3.6,Neutral,48.24,5.614110321906257,2024-05,12.407472908015004,6.203736454007502,True,False,False,False,False,5.614110321906257
104,1148,6.0518537306287525,2024-05-27,1.4,A192,Instagram,60.0,4.3,Positive,37.72,5.853001075573168,2024-05,23.381157296540003,5.845289324135001,False,True,False,False,False,5.853001075573168
189,1149,5.117762387593665,2024-05-28,3.0,A173,TikTok,63.0,4.3,Negative,39.52,5.589692436646634,2024-05,20.75564121784508,5.18891030446127,False,False,False,False,True,5.589692436646634
189,1149,5.117762387593665,2024-05-28,3.0,A173,Facebook,78.0,3.9,Negative,48.36,5.35372741212015,2024-05,20.75564121784508,5.18891030446127,False,False,False,False,True,5.35372741212015
113,1150,5.676299442498718,2024-05-29,1.0,A196,Instagram,85.0,3.9,Negative,52.56,5.632865450918488,2024-05,11.2521253122787,5.62606265613935,False,True,False,False,False,5.632865450918488
151,1001_synth,6.119458688263894,2024-01-01,2.3,A176,Facebook,70.0,3.3,Negative,43.32,6.0372967280551,2024-01,12.0745934561102,6.0372967280551,False,False,False,False,True,6.0372967280551
192,1002_synth,6.29350817595799,2024-01-02,4.2,A156,Instagram,52.0,4.9,Positive,33.16,6.072172785749352,2024-01,12.064057430928743,6.032028715464373,False,False,True,False,False,6.072172785749352
114,1003_synth,6.4460807337887935,2024-01-03,2.1,A171,Unknown,78.0,3.6,Neutral,48.24,5.6865058555261,2024-01,12.534215876954486,6.267107938477243,False,False,True,False,False,5.6865058555261
171,1004_synth,6.164501821746764,2024-01-04,2.8,,Unknown,78.0,3.6,Neutral,48.24,5.211573064372781,2024-01,11.857024048412333,5.928512024206166,False,True,False,False,False,5.211573064372781
160,1005_synth,4.271562808803906,2024-01-05,1.3,,Unknown,78.0,3.6,Neutral,48.24,4.217143784151416,2024-01,8.434287568302832,4.217143784151416,False,True,False,False,False,4.217143784151416
120,1006_synth,5.7202977548791285,2024-01-06,1.1,A159,Unknown,78.0,3.6,Neutral,48.24,5.28024535980116,2024-01,20.86217080069847,5.215542700174617,False,False,False,True,False,5.28024535980116
182,1007_synth,4.34270102222585,2024-01-07,4.9,A193,TikTok,69.0,2.6,Negative,42.44,4.4504314494513775,2024-01,8.900862898902755,4.4504314494513775,False,False,False,False,True,4.4504314494513775
186,1008_synth,5.450855383461681,2024-01-08,4.3,A160,TikTok,56.0,2.6,Positive,34.64,5.545502713789798,2024-01,34.41198234036569,5.735330390060948,False,True,False,False,False,5.545502713789798
186,1008_synth,5.450855383461681,2024-01-08,4.3,A160,LinkedIn,73.0,2.0,Neutral,44.6,5.498179048625739,2024-01,34.41198234036569,5.735330390060948,False,True,False,False,False,5.498179048625739
186,1008_synth,5.450855383461681,2024-01-08,4.3,A160,Instagram,89.0,2.9,Neutral,54.56,5.450855383461681,2024-01,34.41198234036569,5.735330390060948,False,True,False,False,False,5.450855383461681
174,1009_synth,5.733514203391701,2024-01-09,3.8,A148,Facebook,75.0,1.7,Neutral,45.68,5.301226140227707,2024-01,20.442743239394694,5.1106858098486745,False,False,True,False,False,5.301226140227707
174,1010_synth,4.539064818711576,2024-01-10,2.6,A148,Facebook,75.0,1.7,Neutral,45.68,5.008187235227922,2024-01,20.442743239394694,5.1106858098486745,False,False,False,False,True,5.008187235227922
187,1011_synth,6.306566485497735,2024-01-11,1.7,A124,TikTok,75.0,4.6,Neutral,46.84,6.168960054766252,2024-01,74.2092013251936,6.184100110432801,False,False,False,False,True,6.168960054766252
187,1011_synth,6.306566485497735,2024-01-11,1.7,A124,Facebook,95.0,3.7,Positive,58.48,6.237763270131993,2024-01,74.2092013251936,6.184100110432801,False,False,False,False,True,6.237763270131993
187,1011_synth,6.306566485497735,2024-01-11,1.7,A124,LinkedIn,77.0,3.2,Positive,47.48,6.306566485497735,2024-01,74.2092013251936,6.184100110432801,False,False,False,False,True,6.306566485497735
199,1012_synth,5.378738414498359,2024-01-12,1.6,A178,LinkedIn,74.0,4.9,Positive,46.36,5.211324272939673,2024-01,32.81258421896061,5.468764036493435,False,False,True,False,False,5.211324272939673
199,1012_synth,5.378738414498359,2024-01-12,1.6,A178,LinkedIn,53.0,1.5,Neutral,32.4,5.295031343719016,2024-01,32.81258421896061,5.468764036493435,False,False,True,False,False,5.295031343719016
199,1012_synth,5.378738414498359,2024-01-12,1.6,A178,TikTok,68.0,3.5,Negative,42.2,5.378738414498359,2024-01,32.81258421896061,5.468764036493435,False,False,True,False,False,5.378738414498359
123,1013_synth,5.495960427145645,2024-01-13,2.0,,Unknown,78.0,3.6,Neutral,48.24,5.485726313980565,2024-01,11.190314853365384,5.595157426682691,False,True,False,False,False,5.485726313980565
102,1014_synth,5.082187644727952,2024-01-14,3.2,,Unknown,78.0,3.6,Neutral,48.24,5.207922026310879,2024-01,9.783944578344697,4.891972289172348,False,False,True,False,False,5.207922026310879
121,1015_synth,5.135503854520619,2024-01-15,3.9,A185,TikTok,90.0,3.4,Neutral,55.36,5.340260936841119,2024-01,85.1267417586132,5.320421359913325,False,False,False,False,True,5.340260936841119
121,1015_synth,5.135503854520619,2024-01-15,3.9,A185,Facebook,78.0,2.4,Positive,47.76,5.237882395680869,2024-01,85.1267417586132,5.320421359913325,False,False,False,False,True,5.237882395680869
121,1015_synth,5.135503854520619,2024-01-15,3.9,A185,TikTok,59.0,3.6,Positive,36.84,5.135503854520619,2024-01,85.1267417586132,5.320421359913325,False,False,False,False,True,5.135503854520619
121,1015_synth,5.135503854520619,2024-01-15,3.9,A185,TikTok,50.0,1.5,Negative,30.6,5.135503854520619,2024-01,85.1267417586132,5.320421359913325,False,False,False,False,True,5.135503854520619
152,1016_synth,6.2192707694881,2024-01-16,3.6,A152,Facebook,95.0,4.1,Positive,58.64,6.156836940952839,2024-01,24.478670571948065,6.119667642987016,True,False,False,False,False,6.156836940952839
152,1016_synth,6.2192707694881,2024-01-16,3.6,A152,Instagram,81.0,4.2,Positive,50.28,6.18805385522047,2024-01,24.478670571948065,6.119667642987016,True,False,False,False,False,6.18805385522047
101,1017_synth,5.525440063372647,2024-01-17,2.1,A116,Twitter,78.0,1.1,Negative,47.24,5.183377068340483,2024-01,107.46066227086972,5.373033113543487,True,False,False,False,False,5.183377068340483
101,1017_synth,5.525440063372647,2024-01-17,2.1,A116,LinkedIn,89.0,2.4,Neutral,54.36,5.354408565856564,2024-01,107.46066227086972,5.373033113543487,True,False,False,False,False,5.354408565856564
101,1017_synth,5.525440063372647,2024-01-17,2.1,A116,Instagram,81.0,4.6,Neutral,50.44,5.525440063372647,2024-01,107.46066227086972,5.373033113543487,True,False,False,False,False,5.525440063372647
101,1017_synth,5.525440063372647,2024-01-17,2.1,A116,TikTok,83.0,1.2,Negative,50.28,5.525440063372647,2024-01,107.46066227086972,5.373033113543487,True,False,False,False,False,5.525440063372647
101,1017_synth,5.525440063372647,2024-01-17,2.1,A116,Twitter,78.0,1.1,Negative,47.24,5.525440063372647,2024-01,107.46066227086972,5.373033113543487,True,False,False,False,False,5.525440063372647
187,1018_synth,6.348924718771325,2024-01-18,4.8,A124,TikTok,75.0,4.6,Neutral,46.84,6.320685896588931,2024-01,74.2092013251936,6.184100110432801,False,False,False,True,False,6.320685896588931
187,1018_synth,6.348924718771325,2024-01-18,4.8,A124,Facebook,95.0,3.7,Positive,58.48,6.334805307680128,2024-01,74.2092013251936,6.184100110432801,False,False,False,True,False,6.334805307680128
187,1018_synth,6.348924718771325,2024-01-18,4.8,A124,LinkedIn,77.0,3.2,Positive,47.48,6.348924718771325,2024-01,74.2092013251936,6.184100110432801,False,False,False,True,False,6.348924718771325
129,1019_synth,6.032134825889883,2024-01-19,4.0,A114,Facebook,87.0,4.8,Negative,54.12,5.817138618579307,2024-01,11.634277237158614,5.817138618579307,False,False,True,False,False,5.817138618579307
137,1020_synth,5.220746574467654,2024-01-20,3.2,A149,Facebook,51.0,1.3,Positive,31.12,5.397124894522507,2024-01,10.794249789045017,5.397124894522507,False,False,True,False,False,5.397124894522507
101,1021_synth,5.037889335726142,2024-01-21,3.4,A116,Twitter,78.0,1.1,Negative,47.24,5.362923154157145,2024-01,107.46066227086972,5.373033113543487,False,False,False,True,False,5.362923154157145
101,1021_synth,5.037889335726142,2024-01-21,3.4,A116,LinkedIn,89.0,2.4,Neutral,54.36,5.200406244941644,2024-01,107.46066227086972,5.373033113543487,False,False,False,True,False,5.200406244941644
101,1021_synth,5.037889335726142,2024-01-21,3.4,A116,Instagram,81.0,4.6,Neutral,50.44,5.037889335726142,2024-01,107.46066227086972,5.373033113543487,False,False,False,True,False,5.037889335726142
101,1021_synth,5.037889335726142,2024-01-21,3.4,A116,TikTok,83.0,1.2,Negative,50.28,5.037889335726142,2024-01,107.46066227086972,5.373033113543487,False,False,False,True,False,5.037889335726142
101,1021_synth,5.037889335726142,2024-01-21,3.4,A116,Twitter,78.0,1.1,Negative,47.24,5.037889335726142,2024-01,107.46066227086972,5.373033113543487,False,False,False,True,False,5.037889335726142
163,1022_synth,5.470303525723176,2024-01-22,2.7,A180,Facebook,57.0,3.8,Negative,35.72,5.952917822909299,2024-01,21.586944809123075,5.396736202280769,False,False,False,True,False,5.952917822909299
163,1022_synth,5.470303525723176,2024-01-22,2.7,A180,LinkedIn,98.0,2.1,Negative,59.64,5.711610674316238,2024-01,21.586944809123075,5.396736202280769,False,False,False,True,False,5.711610674316238
159,1023_synth,4.113489912822328,2024-01-23,2.0,A170,Unknown,78.0,3.6,Neutral,48.24,4.9094305459030245,2024-01,8.477430827537324,4.238715413768662,False,False,False,True,False,4.9094305459030245
120,1024_synth,4.799221638456361,2024-01-24,2.4,A159,Unknown,78.0,3.6,Neutral,48.24,5.396626135925028,2024-01,20.86217080069847,5.215542700174617,False,False,False,False,True,5.396626135925028
132,1025_synth,3.963472524413992,2024-01-25,4.0,A134,Unknown,78.0,3.6,Neutral,48.24,5.263850383464523,2024-01,8.081421659114737,4.040710829557368,False,False,True,False,False,5.263850383464523
175,1026_synth,5.345872094806667,2024-01-26,1.1,A176,Facebook,70.0,3.3,Negative,43.32,5.360426524555836,2024-01,10.720853049111671,5.360426524555836,False,False,False,False,True,5.360426524555836
157,1027_synth,6.086407377221982,2024-01-27,1.5,A168,LinkedIn,60.0,4.4,Positive,37.76,5.998285538286565,2024-01,11.99657107657313,5.998285538286565,False,False,False,True,False,5.998285538286565
121,1028_synth,5.723389063229382,2024-01-28,1.2,A185,TikTok,90.0,3.4,Neutral,55.36,5.331465590756873,2024-01,85.1267417586132,5.320421359913325,False,False,True,False,False,5.331465590756873
121,1028_synth,5.723389063229382,2024-01-28,1.2,A185,Facebook,78.0,2.4,Positive,47.76,5.527427326993127,2024-01,85.1267417586132,5.320421359913325,False,False,True,False,False,5.527427326993127
121,1028_synth,5.723389063229382,2024-01-28,1.2,A185,TikTok,59.0,3.6,Positive,36.84,5.723389063229382,2024-01,85.1267417586132,5.320421359913325,False,False,True,False,False,5.723389063229382
121,1028_synth,5.723389063229382,2024-01-28,1.2,A185,TikTok,50.0,1.5,Negative,30.6,5.723389063229382,2024-01,85.1267417586132,5.320421359913325,False,False,True,False,False,5.723389063229382
188,1029_synth,5.689737847770945,2024-01-29,1.2,A192,Instagram,60.0,4.3,Positive,37.72,5.424904779175371,2024-01,11.342903732445444,5.671451866222722,False,False,False,False,True,5.424904779175371
148,1030_synth,4.479828592350134,2024-01-30,4.4,,Unknown,78.0,3.6,Neutral,48.24,4.712371492329629,2024-01,9.424742984659256,4.712371492329629,False,False,False,False,True,4.712371492329629
190,1031_synth,5.232796778232741,2024-01-31,3.8,A133,Twitter,72.0,1.9,Positive,43.96,5.736820839203968,2024-01,33.0778618635698,5.5129769772616335,False,False,False,True,False,5.736820839203968
190,1031_synth,5.232796778232741,2024-01-31,3.8,A133,Twitter,71.0,4.8,Negative,44.52,5.484808808718355,2024-01,33.0778618635698,5.5129769772616335,False,False,False,True,False,5.484808808718355
190,1031_synth,5.232796778232741,2024-01-31,3.8,A133,Instagram,52.0,2.7,Positive,32.28,5.232796778232741,2024-01,33.0778618635698,5.5129769772616335,False,False,False,True,False,5.232796778232741
158,1032_synth,5.138734124858418,2024-02-01,2.9,A126,TikTok,75.0,3.1,Neutral,46.24,4.918541501954869,2024-02,19.894358630723023,4.973589657680757,False,False,True,False,False,4.918541501954869
158,1032_synth,5.138734124858418,2024-02-01,2.9,A126,Facebook,98.0,4.3,Negative,60.52,5.028637813406644,2024-02,19.894358630723023,4.973589657680757,False,False,True,False,False,5.028637813406644
141,1033_synth,5.261316039211889,2024-02-02,1.4,A107,Twitter,96.0,1.9,Neutral,58.35999999999999,5.361348273130531,2024-02,32.01804128790522,5.33634021465087,False,False,False,True,False,5.361348273130531
141,1033_synth,5.261316039211889,2024-02-02,1.4,A107,Facebook,62.0,4.4,Positive,38.96,5.31133215617121,2024-02,32.01804128790522,5.33634021465087,False,False,False,True,False,5.31133215617121
141,1033_synth,5.261316039211889,2024-02-02,1.4,A107,Twitter,73.0,4.2,Positive,45.48,5.261316039211889,2024-02,32.01804128790522,5.33634021465087,False,False,False,True,False,5.261316039211889
191,1034_synth,4.313779468289379,2024-02-03,3.0,A114,Facebook,87.0,4.8,Negative,54.12,4.991655069893039,2024-02,8.80634758065218,4.40317379032609,False,False,True,False,False,4.991655069893039
159,1035_synth,4.770404791739261,2024-02-04,2.9,A170,Unknown,78.0,3.6,Neutral,48.24,4.754848990054634,2024-02,21.549817875411847,5.387454468852962,True,False,False,False,False,4.754848990054634
179,1036_synth,6.531599619501874,2024-02-05,1.7,A111,Instagram,98.0,4.1,Negative,60.44,6.104014874805876,2024-02,12.73929955639891,6.369649778199455,False,True,False,False,False,6.104014874805876
114,1037_synth,4.658154412952789,2024-02-06,2.7,A171,Unknown,78.0,3.6,Neutral,48.24,5.548621229782558,2024-02,9.753023502669803,4.876511751334903,False,True,False,False,False,5.548621229782558
161,1038_synth,5.254351716400308,2024-02-07,2.6,A118,Facebook,76.0,3.9,Negative,47.16,5.375378901196053,2024-02,28.40054995439645,4.733424992399407,False,True,False,False,False,5.375378901196053
161,1039_synth,4.008188804772885,2024-02-08,2.985,A118,Facebook,76.0,3.9,Negative,47.16,5.143279902048469,2024-02,28.40054995439645,4.733424992399407,False,False,False,True,False,5.143279902048469
146,1040_synth,4.857131351461673,2024-02-09,3.5,A196,Instagram,85.0,3.9,Negative,52.56,5.600749615531671,2024-02,9.906718432665317,4.953359216332657,True,False,False,False,False,5.600749615531671
161,1041_synth,4.280043877589598,2024-02-10,1.2,A118,Facebook,76.0,3.9,Negative,47.16,4.514194799587597,2024-02,28.40054995439645,4.733424992399407,False,False,True,False,False,4.514194799587597
150,1042_synth,6.519194854245793,2024-02-11,2.985,A143,Instagram,68.0,1.2,Negative,41.28,5.893531489398505,2024-02,22.385123188954424,5.596280797238606,False,False,False,False,True,5.893531489398505
154,1043_synth,5.8563440269129785,2024-02-12,2.985,,Unknown,78.0,3.6,Neutral,48.24,5.8124583954737865,2024-02,11.624916790947571,5.8124583954737865,False,False,True,False,False,5.8124583954737865
163,1044_synth,6.103309379493686,2024-02-13,3.0,A180,Facebook,57.0,3.8,Negative,35.72,5.681305476980012,2024-02,24.59506870199209,6.148767175498024,False,False,False,False,True,5.681305476980012
163,1044_synth,6.103309379493686,2024-02-13,3.0,A180,LinkedIn,98.0,2.1,Negative,59.64,5.89230742823685,2024-02,24.59506870199209,6.148767175498024,False,False,False,False,True,5.89230742823685
102,1045_synth,5.780066106312634,2024-02-14,4.4,,Unknown,78.0,3.6,Neutral,48.24,5.129467706118003,2024-02,11.795495173203896,5.897747586601948,False,False,True,False,False,5.129467706118003
150,1046_synth,4.704528720758908,2024-02-15,3.6,A143,Instagram,68.0,1.2,Negative,41.28,5.468162243232965,2024-02,22.385123188954424,5.596280797238606,True,False,False,False,False,5.468162243232965
106,1047_synth,5.468601628503338,2024-02-16,1.7,A102,LinkedIn,51.0,4.8,Neutral,32.52,5.66282293679573,2024-02,11.447390580962562,5.723695290481281,False,False,False,False,True,5.66282293679573
120,1048_synth,5.3391820321659935,2024-02-17,1.3,A159,Unknown,78.0,3.6,Neutral,48.24,5.286233808500494,2024-02,11.009541046605587,5.504770523302794,False,False,False,True,False,5.286233808500494
172,1049_synth,5.275003993958925,2024-02-18,3.6,,Unknown,78.0,3.6,Neutral,48.24,5.2973157659427015,2024-02,10.730111765346226,5.365055882673113,False,False,True,False,False,5.2973157659427015
138,1050_synth,5.5298839743482935,2024-02-19,1.1,A124,TikTok,75.0,4.6,Neutral,46.84,5.536782168668019,2024-02,33.21034572052852,5.535057620088087,False,False,True,False,False,5.536782168668019
138,1050_synth,5.5298839743482935,2024-02-19,1.1,A124,Facebook,95.0,3.7,Positive,58.48,5.533333071508156,2024-02,33.21034572052852,5.535057620088087,False,False,True,False,False,5.533333071508156
138,1050_synth,5.5298839743482935,2024-02-19,1.1,A124,LinkedIn,77.0,3.2,Positive,47.48,5.5298839743482935,2024-02,33.21034572052852,5.535057620088087,False,False,True,False,False,5.5298839743482935
117,1051_synth,6.254445390255492,2024-02-20,3.3,,Unknown,78.0,3.6,Neutral,48.24,6.039785704435059,2024-02,12.369348165542776,6.184674082771388,False,False,False,False,True,6.039785704435059
103,1052_synth,6.020161276372725,2024-02-21,4.8,A194,LinkedIn,89.0,4.0,Negative,55.0,5.423500370390584,2024-02,12.134027098171163,6.067013549085582,False,False,False,True,False,5.423500370390584
188,1053_synth,5.740134548383129,2024-02-22,3.3,A192,Instagram,60.0,4.3,Positive,37.72,5.800414667251439,2024-02,11.566743821879587,5.783371910939794,False,False,False,True,False,5.800414667251439
159,1054_synth,5.813518332341346,2024-02-23,2.6,A170,Unknown,78.0,3.6,Neutral,48.24,4.899137678967645,2024-02,21.549817875411847,5.387454468852962,True,False,False,False,False,4.899137678967645
113,1055_synth,4.967368918171967,2024-02-24,3.6,A196,Instagram,85.0,3.9,Negative,52.56,5.58970376847459,2024-02,10.06422288367563,5.032111441837815,False,False,False,True,False,5.58970376847459
108,1056_synth,4.918981489031967,2024-02-25,2.8,,Unknown,78.0,3.6,Neutral,48.24,5.190219324229681,2024-02,10.011591589102672,5.005795794551336,False,False,False,True,False,5.190219324229681
189,1057_synth,5.531416196326886,2024-02-26,3.2,A173,TikTok,63.0,4.3,Negative,39.52,5.255646990504739,2024-02,22.53242552811825,5.6331063820295615,False,False,False,True,False,5.255646990504739
189,1057_synth,5.531416196326886,2024-02-26,3.2,A173,Facebook,78.0,3.9,Negative,48.36,5.393531593415813,2024-02,22.53242552811825,5.6331063820295615,False,False,False,True,False,5.393531593415813
152,1058_synth,5.1735232997397285,2024-02-27,4.8,A152,Facebook,95.0,4.1,Positive,58.64,5.870688279571976,2024-02,21.81364765337621,5.453411913344053,False,True,False,False,False,5.870688279571976
152,1058_synth,5.1735232997397285,2024-02-27,4.8,A152,Instagram,81.0,4.2,Positive,50.28,5.5221057896558525,2024-02,21.81364765337621,5.453411913344053,False,True,False,False,False,5.5221057896558525
101,1059_synth,6.188603982493831,2024-02-28,2.5,A116,Twitter,78.0,1.1,Negative,47.24,5.421460884648705,2024-02,61.11258717253758,6.111258717253758,True,False,False,False,False,5.421460884648705
101,1059_synth,6.188603982493831,2024-02-28,2.5,A116,LinkedIn,89.0,2.4,Neutral,54.36,5.805032433571268,2024-02,61.11258717253758,6.111258717253758,True,False,False,False,False,5.805032433571268
101,1059_synth,6.188603982493831,2024-02-28,2.5,A116,Instagram,81.0,4.6,Neutral,50.44,6.188603982493831,2024-02,61.11258717253758,6.111258717253758,True,False,False,False,False,6.188603982493831
101,1059_synth,6.188603982493831,2024-02-28,2.5,A116,TikTok,83.0,1.2,Negative,50.28,6.188603982493831,2024-02,61.11258717253758,6.111258717253758,True,False,False,False,False,6.188603982493831
101,1059_synth,6.188603982493831,2024-02-28,2.5,A116,Twitter,78.0,1.1,Negative,47.24,6.188603982493831,2024-02,61.11258717253758,6.111258717253758,True,False,False,False,False,6.188603982493831
183,1060_synth,5.154784694391087,2024-02-29,4.8,A183,TikTok,90.0,4.1,Positive,55.64,5.428901675193001,2024-02,21.44148971997009,5.360372429992522,False,False,True,False,False,5.428901675193001
183,1060_synth,5.154784694391087,2024-02-29,4.8,A183,TikTok,72.0,5.0,Positive,45.2,5.291843184792044,2024-02,21.44148971997009,5.360372429992522,False,False,True,False,False,5.291843184792044
191,1061_synth,5.879693212123373,2024-03-01,4.6,A114,Facebook,87.0,4.8,Negative,54.12,5.454030103146562,2024-03,12.04831084115031,6.024155420575155,False,False,False,False,True,5.454030103146562
159,1062_synth,5.37347817332013,2024-03-02,1.8,A170,Unknown,78.0,3.6,Neutral,48.24,5.319133765800245,2024-03,10.607627632604562,5.303813816302281,False,False,True,False,False,5.319133765800245
170,1063_synth,5.775653785374062,2024-03-03,1.3,A181,Twitter,66.0,2.1,Positive,40.440000000000005,5.985141988816075,2024-03,11.741063156996075,5.870531578498039,True,False,False,False,False,5.985141988816075
143,1064_synth,5.648659127397904,2024-03-04,1.4,,Unknown,78.0,3.6,Neutral,48.24,5.643573307008737,2024-03,23.36352416780649,5.840881041951622,False,False,False,False,True,5.643573307008737
107,1065_synth,6.005086790061902,2024-03-05,1.1,,Unknown,78.0,3.6,Neutral,48.24,6.05441066798673,2024-03,11.680988319272522,5.840494159636261,True,False,False,False,False,6.05441066798673
146,1066_synth,6.267429029078047,2024-03-06,1.4,A196,Instagram,85.0,3.9,Negative,52.56,5.741290432925208,2024-03,12.113235605975484,6.056617802987741,False,False,False,True,False,5.741290432925208
134,1067_synth,5.234352152284105,2024-03-07,3.7,A120,Facebook,83.0,1.4,Positive,50.36,5.4160422854243295,2024-03,32.626481044131395,5.437746840688566,False,False,False,False,True,5.4160422854243295
134,1067_synth,5.234352152284105,2024-03-07,3.7,A120,Instagram,56.0,3.0,Positive,34.800000000000004,5.325197218854218,2024-03,32.626481044131395,5.437746840688566,False,False,False,False,True,5.325197218854218
134,1067_synth,5.234352152284105,2024-03-07,3.7,A120,Instagram,92.0,3.6,Positive,56.63999999999999,5.234352152284105,2024-03,32.626481044131395,5.437746840688566,False,False,False,False,True,5.234352152284105
177,1068_synth,5.137396377278146,2024-03-08,1.3,A183,TikTok,90.0,4.1,Positive,55.64,5.263573881319503,2024-03,21.06250521872412,5.26562630468103,False,False,False,True,False,5.263573881319503
177,1068_synth,5.137396377278146,2024-03-08,1.3,A183,TikTok,72.0,5.0,Positive,45.2,5.2004851292988254,2024-03,21.06250521872412,5.26562630468103,False,False,False,True,False,5.2004851292988254
180,1069_synth,4.815173013977494,2024-03-09,2.3,A131,LinkedIn,87.0,3.0,Positive,53.4,5.329768753939423,2024-03,10.0879918739246,5.0439959369623,False,False,True,False,False,5.329768753939423
135,1070_synth,6.126824111287554,2024-03-10,2.985,A129,Twitter,54.0,4.5,Neutral,34.2,5.953733949910923,2024-03,11.907467899821846,5.953733949910923,False,False,True,False,False,5.953733949910923
149,1071_synth,5.860400277405628,2024-03-11,1.1,A131,LinkedIn,87.0,3.0,Positive,53.4,5.9315691790405225,2024-03,11.863138358081043,5.9315691790405225,False,False,False,False,True,5.9315691790405225
103,1072_synth,4.930462809255266,2024-03-12,4.3,A194,LinkedIn,89.0,4.0,Negative,55.0,5.300420214379785,2024-03,19.82577116066032,4.95644279016508,False,False,False,False,True,5.300420214379785
101,1073_synth,5.462296638104144,2024-03-13,2.1,A116,Twitter,78.0,1.1,Negative,47.24,5.946501534363935,2024-03,52.37321104464272,5.2373211044642725,True,False,False,False,False,5.946501534363935
101,1073_synth,5.462296638104144,2024-03-13,2.1,A116,LinkedIn,89.0,2.4,Neutral,54.36,5.70439908623404,2024-03,52.37321104464272,5.2373211044642725,True,False,False,False,False,5.70439908623404
101,1073_synth,5.462296638104144,2024-03-13,2.1,A116,Instagram,81.0,4.6,Neutral,50.44,5.462296638104144,2024-03,52.37321104464272,5.2373211044642725,True,False,False,False,False,5.462296638104144
101,1073_synth,5.462296638104144,2024-03-13,2.1,A116,TikTok,83.0,1.2,Negative,50.28,5.462296638104144,2024-03,52.37321104464272,5.2373211044642725,True,False,False,False,False,5.462296638104144
101,1073_synth,5.462296638104144,2024-03-13,2.1,A116,Twitter,78.0,1.1,Negative,47.24,5.462296638104144,2024-03,52.37321104464272,5.2373211044642725,True,False,False,False,False,5.462296638104144
105,1074_synth,5.795547025157525,2024-03-14,1.5,A163,TikTok,53.0,4.0,Neutral,33.4,5.702705697254694,2024-03,22.903664116921608,5.725916029230402,True,False,False,False,False,5.702705697254694
105,1074_synth,5.795547025157525,2024-03-14,1.5,A163,TikTok,96.0,3.2,Neutral,58.88,5.749126361206109,2024-03,22.903664116921608,5.725916029230402,True,False,False,False,False,5.749126361206109
153,1075_synth,5.490915325361195,2024-03-15,3.8,,Unknown,78.0,3.6,Neutral,48.24,5.584435139672691,2024-03,22.50929562154013,5.627323905385032,False,False,False,True,False,5.584435139672691
103,1076_synth,4.644968516606029,2024-03-16,3.5,A194,LinkedIn,89.0,4.0,Negative,55.0,5.19853086741134,2024-03,19.82577116066032,4.95644279016508,False,False,False,False,True,5.19853086741134
153,1077_synth,5.755990202522052,2024-03-17,4.5,,Unknown,78.0,3.6,Neutral,48.24,5.716199868711786,2024-03,22.50929562154013,5.627323905385032,False,False,True,False,False,5.716199868711786
192,1078_synth,6.173401242155389,2024-03-18,3.9,A156,Instagram,52.0,4.9,Positive,33.16,6.206456781477563,2024-03,12.3258621684747,6.16293108423735,True,False,False,False,False,6.206456781477563
162,1079_synth,4.763169078314237,2024-03-19,4.2,A126,TikTok,75.0,3.1,Neutral,46.24,5.479851759702193,2024-03,18.66286948447334,4.665717371118335,True,False,False,False,False,5.479851759702193
162,1079_synth,4.763169078314237,2024-03-19,4.2,A126,Facebook,98.0,4.3,Negative,60.52,5.121510419008215,2024-03,18.66286948447334,4.665717371118335,True,False,False,False,False,5.121510419008215
117,1080_synth,5.835195264848902,2024-03-20,2.1,,Unknown,78.0,3.6,Neutral,48.24,5.946549867622266,2024-03,11.585204212611302,5.792602106305651,False,False,True,False,False,5.946549867622266
189,1081_synth,5.370777874902967,2024-03-21,2.985,A173,TikTok,63.0,4.3,Negative,39.52,5.47787008918558,2024-03,22.39287067215217,5.598217668038043,True,False,False,False,False,5.47787008918558
189,1081_synth,5.370777874902967,2024-03-21,2.985,A173,Facebook,78.0,3.9,Negative,48.36,5.424323982044274,2024-03,22.39287067215217,5.598217668038043,True,False,False,False,False,5.424323982044274
143,1082_synth,6.360826671953124,2024-03-22,4.0,,Unknown,78.0,3.6,Neutral,48.24,5.753992036936346,2024-03,23.36352416780649,5.840881041951622,False,False,False,True,False,5.753992036936346
133,1083_synth,5.831073549483846,2024-03-23,4.2,,Unknown,78.0,3.6,Neutral,48.24,5.9545656851792375,2024-03,11.917776485503246,5.958888242751623,False,False,False,False,True,5.9545656851792375
173,1084_synth,4.796910225095187,2024-03-24,5.0,A194,LinkedIn,89.0,4.0,Negative,55.0,4.959760682728838,2024-03,9.919521365457676,4.959760682728838,False,False,True,False,False,4.959760682728838
161,1085_synth,4.9129226502186745,2024-03-25,2.7,A118,Facebook,76.0,3.9,Negative,47.16,4.400385110860387,2024-03,9.86570497503638,4.93285248751819,False,False,False,False,True,4.400385110860387
199,1086_synth,4.948506348158023,2024-03-26,2.5,A178,LinkedIn,74.0,4.9,Positive,46.36,5.235327725718247,2024-03,30.228370650955057,5.038061775159176,True,False,False,False,False,5.235327725718247
199,1086_synth,4.948506348158023,2024-03-26,2.5,A178,LinkedIn,53.0,1.5,Neutral,32.4,5.091917036938136,2024-03,30.228370650955057,5.038061775159176,True,False,False,False,False,5.091917036938136
199,1086_synth,4.948506348158023,2024-03-26,2.5,A178,TikTok,68.0,3.5,Negative,42.2,4.948506348158023,2024-03,30.228370650955057,5.038061775159176,True,False,False,False,False,4.948506348158023
113,1087_synth,6.646875815030783,2024-03-27,4.1,A196,Instagram,85.0,3.9,Negative,52.56,5.763514725233823,2024-03,12.772318759783866,6.386159379891933,True,False,False,False,False,5.763514725233823
194,1088_synth,4.722876772283165,2024-03-28,2.4,A110,Unknown,78.0,3.6,Neutral,48.24,4.783580539788328,2024-03,9.567161079576657,4.783580539788328,False,False,True,False,False,4.783580539788328
147,1089_synth,5.390765740044921,2024-03-29,2.985,A159,Unknown,78.0,3.6,Neutral,48.24,5.4103600544841415,2024-03,10.896144523913676,5.448072261956838,False,False,False,True,False,5.4103600544841415
114,1090_synth,4.640055398074836,2024-03-30,4.4,A171,Unknown,78.0,3.6,Neutral,48.24,5.24809684827214,2024-03,9.711863688258251,4.855931844129126,False,True,False,False,False,5.24809684827214
171,1091_synth,4.157782744578007,2024-03-31,2.7,,Unknown,78.0,3.6,Neutral,48.24,5.268357207090799,2024-03,8.145213061001964,4.072606530500982,False,False,True,False,False,5.268357207090799
177,1092_synth,5.607364369580269,2024-04-01,4.0,A183,TikTok,90.0,4.1,Positive,55.64,5.294052374712187,2024-04,21.630422259935496,5.407605564983874,False,True,False,False,False,5.294052374712187
177,1092_synth,5.607364369580269,2024-04-01,4.0,A183,TikTok,72.0,5.0,Positive,45.2,5.450708372146228,2024-04,21.630422259935496,5.407605564983874,False,True,False,False,False,5.450708372146228
186,1093_synth,5.972785824280192,2024-04-02,4.0,A160,TikTok,56.0,2.6,Positive,34.64,5.6248321970678505,2024-04,34.696836609702146,5.782806101617024,False,True,False,False,False,5.6248321970678505
186,1093_synth,5.972785824280192,2024-04-02,4.0,A160,LinkedIn,73.0,2.0,Neutral,44.6,5.798809010674021,2024-04,34.696836609702146,5.782806101617024,False,True,False,False,False,5.798809010674021
186,1093_synth,5.972785824280192,2024-04-02,4.0,A160,Instagram,89.0,2.9,Neutral,54.56,5.972785824280192,2024-04,34.696836609702146,5.782806101617024,False,True,False,False,False,5.972785824280192
161,1094_synth,5.078497144596433,2024-04-03,1.4,A118,Facebook,76.0,3.9,Negative,47.16,4.757154557468236,2024-04,9.78298294681207,4.891491473406035,False,False,False,True,False,4.757154557468236
139,1095_synth,6.102079896296999,2024-04-04,4.6,A157,Unknown,78.0,3.6,Neutral,48.24,6.0467049414691765,2024-04,12.093409882938351,6.0467049414691765,False,True,False,False,False,6.0467049414691765
184,1096_synth,6.177451533268206,2024-04-05,3.0,,Unknown,78.0,3.6,Neutral,48.24,5.9077582251216585,2024-04,11.815516450243315,5.9077582251216585,False,True,False,False,False,5.9077582251216585
179,1097_synth,5.281444126077634,2024-04-06,4.3,A111,Instagram,98.0,4.1,Negative,60.44,5.795262937866075,2024-04,10.854189194096351,5.4270945970481765,False,False,False,True,False,5.795262937866075
181,1098_synth,6.108013100797933,2024-04-07,2.985,A177,LinkedIn,77.0,1.4,Positive,46.76,6.076438532435076,2024-04,24.33732869810316,6.08433217452579,False,True,False,False,False,6.076438532435076
181,1098_synth,6.108013100797933,2024-04-07,2.985,A177,Twitter,65.0,1.3,Positive,39.52,6.092225816616505,2024-04,24.33732869810316,6.08433217452579,False,True,False,False,False,6.092225816616505
152,1099_synth,5.7720056392400005,2024-04-08,4.6,A152,Facebook,95.0,4.1,Positive,58.64,5.373017412906486,2024-04,23.795251331850416,5.948812832962604,False,True,False,False,False,5.373017412906486
152,1099_synth,5.7720056392400005,2024-04-08,4.6,A152,Instagram,81.0,4.2,Positive,50.28,5.572511526073243,2024-04,23.795251331850416,5.948812832962604,False,True,False,False,False,5.572511526073243
123,1100_synth,4.923919799693127,2024-04-09,2.6,,Unknown,78.0,3.6,Neutral,48.24,5.228914771805029,2024-04,10.19078388826944,5.09539194413472,False,True,False,False,False,5.228914771805029
125,1101_synth,4.722643914070431,2024-04-10,2.985,A166,Instagram,90.0,3.8,Neutral,55.52,5.048221932252399,2024-04,29.80096456624144,4.966827427706906,False,False,True,False,False,5.048221932252399
125,1101_synth,4.722643914070431,2024-04-10,2.985,A166,Instagram,74.0,4.3,Neutral,46.12,4.885432923161415,2024-04,29.80096456624144,4.966827427706906,False,False,True,False,False,4.885432923161415
125,1101_synth,4.722643914070431,2024-04-10,2.985,A166,TikTok,56.0,1.5,Neutral,34.2,4.722643914070431,2024-04,29.80096456624144,4.966827427706906,False,False,True,False,False,4.722643914070431
188,1102_synth,4.671869525049355,2024-04-11,4.6,A192,Instagram,60.0,4.3,Positive,37.72,5.367247307067809,2024-04,21.336227571092017,5.334056892773004,False,False,True,False,False,5.367247307067809
159,1103_synth,5.5170562907736205,2024-04-12,1.4,A170,Unknown,78.0,3.6,Neutral,48.24,5.568017598811699,2024-04,10.897708556375932,5.448854278187966,False,False,True,False,False,5.568017598811699
140,1104_synth,6.031623596480117,2024-04-13,2.3,A145,Twitter,92.0,2.4,Neutral,56.16,5.648526327488121,2024-04,11.64163572711421,5.820817863557105,False,False,False,True,False,5.648526327488121
128,1105_synth,5.584633869247536,2024-04-14,4.8,A132,LinkedIn,63.0,3.3,Positive,39.12,5.464259360381142,2024-04,10.928518720762284,5.464259360381142,True,False,False,False,False,5.464259360381142
114,1106_synth,6.050235497051009,2024-04-15,4.8,A171,Unknown,78.0,3.6,Neutral,48.24,5.116148436026212,2024-04,11.5918640396571,5.79593201982855,False,True,False,False,False,5.116148436026212
144,1107_synth,6.776937798976183,2024-04-16,3.3,A116,Twitter,78.0,1.1,Negative,47.24,6.416741850387406,2024-04,65.067908375346,6.5067908375346,False,True,False,False,False,6.416741850387406
144,1107_synth,6.776937798976183,2024-04-16,3.3,A116,LinkedIn,89.0,2.4,Neutral,54.36,6.596839824681794,2024-04,65.067908375346,6.5067908375346,False,True,False,False,False,6.596839824681794
144,1107_synth,6.776937798976183,2024-04-16,3.3,A116,Instagram,81.0,4.6,Neutral,50.44,6.776937798976183,2024-04,65.067908375346,6.5067908375346,False,True,False,False,False,6.776937798976183
144,1107_synth,6.776937798976183,2024-04-16,3.3,A116,TikTok,83.0,1.2,Negative,50.28,6.776937798976183,2024-04,65.067908375346,6.5067908375346,False,True,False,False,False,6.776937798976183
144,1107_synth,6.776937798976183,2024-04-16,3.3,A116,Twitter,78.0,1.1,Negative,47.24,6.776937798976183,2024-04,65.067908375346,6.5067908375346,False,True,False,False,False,6.776937798976183
164,1108_synth,5.793681802477701,2024-04-17,3.5,A119,Unknown,78.0,3.6,Neutral,48.24,5.76487291105425,2024-04,11.503381995890706,5.751690997945353,False,False,False,True,False,5.76487291105425
188,1109_synth,6.079381556287497,2024-04-18,2.8,A192,Instagram,60.0,4.3,Positive,37.72,5.497128543239994,2024-04,21.336227571092017,5.334056892773004,False,True,False,False,False,5.497128543239994
170,1110_synth,6.41106155938528,2024-04-19,2.985,A181,Twitter,66.0,2.1,Positive,40.440000000000005,6.133692718070496,2024-04,12.625424368837429,6.312712184418714,False,False,True,False,False,6.133692718070496
108,1111_synth,5.16257021720359,2024-04-20,2.3,,Unknown,78.0,3.6,Neutral,48.24,5.213539363273976,2024-04,10.721636600789964,5.360818300394982,True,False,False,False,False,5.213539363273976
187,1112_synth,5.021549782963522,2024-04-21,3.7,A124,TikTok,75.0,4.6,Neutral,46.84,5.906466406835391,2024-04,63.87085877175649,5.322571564313041,False,False,False,False,True,5.906466406835391
187,1112_synth,5.021549782963522,2024-04-21,3.7,A124,Facebook,95.0,3.7,Positive,58.48,5.464008094899456,2024-04,63.87085877175649,5.322571564313041,False,False,False,False,True,5.464008094899456
187,1112_synth,5.021549782963522,2024-04-21,3.7,A124,LinkedIn,77.0,3.2,Positive,47.48,5.021549782963522,2024-04,63.87085877175649,5.322571564313041,False,False,False,False,True,5.021549782963522
100,1113_synth,4.9727071048816445,2024-04-22,4.0,,Unknown,78.0,3.6,Neutral,48.24,5.40030924956472,2024-04,10.147329705293952,5.073664852646976,False,True,False,False,False,5.40030924956472
107,1114_synth,6.092523347550578,2024-04-23,4.2,,Unknown,78.0,3.6,Neutral,48.24,6.065614228986003,2024-04,24.43358196752381,6.1083954918809535,False,False,True,False,False,6.065614228986003
187,1115_synth,5.177301363615135,2024-04-24,4.2,A124,TikTok,75.0,4.6,Neutral,46.84,5.07346697651406,2024-04,63.87085877175649,5.322571564313041,False,False,False,False,True,5.07346697651406
187,1115_synth,5.177301363615135,2024-04-24,4.2,A124,Facebook,95.0,3.7,Positive,58.48,5.1253841700645975,2024-04,63.87085877175649,5.322571564313041,False,False,False,False,True,5.1253841700645975
187,1115_synth,5.177301363615135,2024-04-24,4.2,A124,LinkedIn,77.0,3.2,Positive,47.48,5.177301363615135,2024-04,63.87085877175649,5.322571564313041,False,False,False,False,True,5.177301363615135
162,1116_synth,5.4322604155794165,2024-04-25,1.4,A126,TikTok,75.0,3.1,Neutral,46.24,4.9861995240692965,2024-04,22.54090703195117,5.635226757987793,True,False,False,False,False,4.9861995240692965
162,1116_synth,5.4322604155794165,2024-04-25,1.4,A126,Facebook,98.0,4.3,Negative,60.52,5.2092299698243565,2024-04,22.54090703195117,5.635226757987793,True,False,False,False,False,5.2092299698243565
110,1117_synth,6.254240378176175,2024-04-26,3.0,A137,LinkedIn,93.0,3.5,Neutral,57.2,5.912589309207252,2024-04,23.99200830579793,5.998002076449483,False,False,False,False,True,5.912589309207252
110,1117_synth,6.254240378176175,2024-04-26,3.0,A137,TikTok,99.0,3.1,Positive,60.64,6.083414843691713,2024-04,23.99200830579793,5.998002076449483,False,False,False,False,True,6.083414843691713
180,1118_synth,5.838134547890792,2024-04-27,1.2,A131,LinkedIn,87.0,3.0,Positive,53.4,5.5182073165873184,2024-04,11.73944893578446,5.86972446789223,False,False,True,False,False,5.5182073165873184
107,1119_synth,6.18291340607495,2024-04-28,3.2,,Unknown,78.0,3.6,Neutral,48.24,6.09350784789581,2024-04,24.43358196752381,6.1083954918809535,False,False,False,False,True,6.09350784789581
134,1120_synth,5.274218735992237,2024-04-29,2.8,A120,Facebook,83.0,1.4,Positive,50.36,5.247641013520149,2024-04,65.14499960949362,5.428749967457802,False,False,False,True,False,5.247641013520149
134,1120_synth,5.274218735992237,2024-04-29,2.8,A120,Instagram,56.0,3.0,Positive,34.800000000000004,5.260929874756193,2024-04,65.14499960949362,5.428749967457802,False,False,False,True,False,5.260929874756193
134,1120_synth,5.274218735992237,2024-04-29,2.8,A120,Instagram,92.0,3.6,Positive,56.63999999999999,5.274218735992237,2024-04,65.14499960949362,5.428749967457802,False,False,False,True,False,5.274218735992237
134,1121_synth,5.959282042534823,2024-04-30,4.6,A120,Facebook,83.0,1.4,Positive,50.36,5.502573171506431,2024-04,65.14499960949362,5.428749967457802,False,False,False,False,True,5.502573171506431
134,1121_synth,5.959282042534823,2024-04-30,4.6,A120,Instagram,56.0,3.0,Positive,34.800000000000004,5.730927607020628,2024-04,65.14499960949362,5.428749967457802,False,False,False,False,True,5.730927607020628
134,1121_synth,5.959282042534823,2024-04-30,4.6,A120,Instagram,92.0,3.6,Positive,56.63999999999999,5.959282042534823,2024-04,65.14499960949362,5.428749967457802,False,False,False,False,True,5.959282042534823
132,1122_synth,6.125721842452079,2024-05-01,2.4,A134,Unknown,78.0,3.6,Neutral,48.24,5.276356562497415,2024-05,23.7281346156306,5.9320336539076495,False,True,False,False,False,5.276356562497415
104,1123_synth,5.1134696461981175,2024-05-02,1.5,A192,Instagram,60.0,4.3,Positive,37.72,5.606490599114818,2024-05,23.381157296540003,5.845289324135001,False,True,False,False,False,5.606490599114818
140,1124_synth,5.450723802709928,2024-05-03,1.6,A145,Twitter,92.0,2.4,Neutral,56.16,5.5954302181800655,2024-05,10.754667058060082,5.377333529030041,False,False,False,True,False,5.5954302181800655
127,1125_synth,4.662656172764046,2024-05-04,4.0,A144,Twitter,70.0,1.3,Positive,42.52,4.825096597568797,2024-05,9.650193195137597,4.825096597568797,False,False,True,False,False,4.825096597568797
106,1126_synth,6.047841515712785,2024-05-05,3.5,A102,LinkedIn,51.0,4.8,Neutral,32.52,5.68584045788025,2024-05,11.588919745137412,5.794459872568706,False,True,False,False,False,5.68584045788025
172,1127_synth,5.3059264023036405,2024-05-06,1.4,,Unknown,78.0,3.6,Neutral,48.24,5.247588642914814,2024-05,10.467761934785518,5.233880967392759,True,False,False,False,False,5.247588642914814
171,1128_synth,5.480595773393131,2024-05-07,1.3,,Unknown,78.0,3.6,Neutral,48.24,5.267626779905967,2024-05,10.963382828340755,5.481691414170378,False,True,False,False,False,5.267626779905967
111,1129_synth,6.243080592748755,2024-05-08,3.8,A137,LinkedIn,93.0,3.5,Neutral,57.2,6.027502460904517,2024-05,24.325587975462305,6.081396993865576,False,True,False,False,False,6.027502460904517
111,1129_synth,6.243080592748755,2024-05-08,3.8,A137,TikTok,99.0,3.1,Positive,60.64,6.135291526826637,2024-05,24.325587975462305,6.081396993865576,False,True,False,False,False,6.135291526826637
133,1130_synth,5.352361451126088,2024-05-09,1.3,,Unknown,78.0,3.6,Neutral,48.24,5.7097851902148,2024-05,11.298282021160553,5.649141010580276,False,False,True,False,False,5.7097851902148
132,1131_synth,5.774334147198943,2024-05-10,4.3,A134,Unknown,78.0,3.6,Neutral,48.24,5.287842838021671,2024-05,23.7281346156306,5.9320336539076495,False,False,False,False,True,5.287842838021671
147,1132_synth,5.317709732280691,2024-05-11,3.8,A159,Unknown,78.0,3.6,Neutral,48.24,5.347803703954786,2024-05,10.65264537181944,5.32632268590972,False,True,False,False,False,5.347803703954786
122,1133_synth,6.264905314533327,2024-05-12,1.3,A123,Unknown,78.0,3.6,Neutral,48.24,5.992318981176807,2024-05,11.984637962353617,5.992318981176807,False,False,False,True,False,5.992318981176807
161,1134_synth,6.765238213113282,2024-05-13,1.3,A118,Facebook,76.0,3.9,Negative,47.16,5.585552669309464,2024-05,12.932537398085495,6.4662686990427485,False,False,False,False,True,5.585552669309464
187,1135_synth,6.447815020622859,2024-05-14,4.9,A124,TikTok,75.0,4.6,Neutral,46.84,5.600805915951042,2024-05,37.643915580070114,6.273985930011686,True,False,False,False,False,5.600805915951042
187,1135_synth,6.447815020622859,2024-05-14,4.9,A124,Facebook,95.0,3.7,Positive,58.48,6.024310468286951,2024-05,37.643915580070114,6.273985930011686,True,False,False,False,False,6.024310468286951
187,1135_synth,6.447815020622859,2024-05-14,4.9,A124,LinkedIn,77.0,3.2,Positive,47.48,6.447815020622859,2024-05,37.643915580070114,6.273985930011686,True,False,False,False,False,6.447815020622859
136,1136_synth,5.577570774099485,2024-05-15,2.5,A107,Twitter,96.0,1.9,Neutral,58.35999999999999,5.937803989374637,2024-05,35.08647411333509,5.847745685555849,False,False,True,False,False,5.937803989374637
136,1136_synth,5.577570774099485,2024-05-15,2.5,A107,Facebook,62.0,4.4,Positive,38.96,5.757687381737061,2024-05,35.08647411333509,5.847745685555849,False,False,True,False,False,5.757687381737061
136,1136_synth,5.577570774099485,2024-05-15,2.5,A107,Twitter,73.0,4.2,Positive,45.48,5.577570774099485,2024-05,35.08647411333509,5.847745685555849,False,False,True,False,False,5.577570774099485
198,1137_synth,6.452902961220151,2024-05-16,2.5,A132,LinkedIn,63.0,3.3,Positive,39.12,6.25139340127181,2024-05,24.426467168947227,6.106616792236807,True,False,False,False,False,6.25139340127181
143,1138_synth,4.943298679844515,2024-05-17,4.3,,Unknown,78.0,3.6,Neutral,48.24,5.650928159731848,2024-05,10.195788991302525,5.097894495651262,False,False,False,False,True,5.650928159731848
185,1139_synth,5.4222887310443495,2024-05-18,4.8,,Unknown,78.0,3.6,Neutral,48.24,5.323852959503329,2024-05,10.647705919006658,5.323852959503329,False,False,False,False,True,5.323852959503329
190,1140_synth,5.726423503969559,2024-05-19,4.9,A133,Twitter,72.0,1.9,Positive,43.96,5.397339020145014,2024-05,35.14576912097742,5.85762818682957,False,False,False,False,True,5.397339020145014
190,1140_synth,5.726423503969559,2024-05-19,4.9,A133,Twitter,71.0,4.8,Negative,44.52,5.561881262057287,2024-05,35.14576912097742,5.85762818682957,False,False,False,False,True,5.561881262057287
190,1140_synth,5.726423503969559,2024-05-19,4.9,A133,Instagram,52.0,2.7,Positive,32.28,5.726423503969559,2024-05,35.14576912097742,5.85762818682957,False,False,False,False,True,5.726423503969559
134,1141_synth,5.474543304790761,2024-05-20,4.0,A120,Facebook,83.0,1.4,Positive,50.36,5.797702463286803,2024-05,32.944291970355614,5.490715328392603,True,False,False,False,False,5.797702463286803
134,1141_synth,5.474543304790761,2024-05-20,4.0,A120,Instagram,56.0,3.0,Positive,34.800000000000004,5.636122884038781,2024-05,32.944291970355614,5.490715328392603,True,False,False,False,False,5.636122884038781
134,1141_synth,5.474543304790761,2024-05-20,4.0,A120,Instagram,92.0,3.6,Positive,56.63999999999999,5.474543304790761,2024-05,32.944291970355614,5.490715328392603,True,False,False,False,False,5.474543304790761
164,1142_synth,5.298382867978178,2024-05-21,2.5,A119,Unknown,78.0,3.6,Neutral,48.24,5.627767135909308,2024-05,11.089619605250222,5.544809802625111,False,False,False,False,True,5.627767135909308
198,1143_synth,5.672286965131796,2024-05-22,2.985,A132,LinkedIn,63.0,3.3,Positive,39.12,6.1009637559382135,2024-05,24.426467168947227,6.106616792236807,True,False,False,False,False,6.1009637559382135
146,1144_synth,6.4175711804309135,2024-05-23,4.1,A196,Instagram,85.0,3.9,Negative,52.56,5.847377186990212,2024-05,12.516882098666816,6.258441049333408,False,False,False,False,True,5.847377186990212
177,1145_synth,5.667829922007907,2024-05-24,3.2,A183,TikTok,90.0,4.1,Positive,55.64,5.627519553722816,2024-05,21.988985110696177,5.497246277674044,False,False,False,True,False,5.627519553722816
177,1145_synth,5.667829922007907,2024-05-24,3.2,A183,TikTok,72.0,5.0,Positive,45.2,5.647674737865361,2024-05,21.988985110696177,5.497246277674044,False,False,False,True,False,5.647674737865361
102,1146_synth,4.729562160052369,2024-05-25,2.7,,Unknown,78.0,3.6,Neutral,48.24,5.197271970364318,2024-05,9.255711527365794,4.627855763682897,False,False,False,False,True,5.197271970364318
100,1147_synth,6.353874864614797,2024-05-26,4.6,,Unknown,78.0,3.6,Neutral,48.24,5.793393337632216,2024-05,12.407472908015004,6.203736454007502,True,False,False,False,False,5.793393337632216
104,1148_synth,6.561685499195548,2024-05-27,1.4,A192,Instagram,60.0,4.3,Positive,37.72,5.909002958674139,2024-05,23.381157296540003,5.845289324135001,False,True,False,False,False,5.909002958674139
189,1149_synth,5.260058221328875,2024-05-28,3.0,A173,TikTok,63.0,4.3,Negative,39.52,5.333871323711603,2024-05,20.75564121784508,5.18891030446127,False,False,False,False,True,5.333871323711603
189,1149_synth,5.260058221328875,2024-05-28,3.0,A173,Facebook,78.0,3.9,Negative,48.36,5.29696477252024,2024-05,20.75564121784508,5.18891030446127,False,False,False,False,True,5.29696477252024
113,1150_synth,5.575825869779981,2024-05-29,1.0,A196,Instagram,85.0,3.9,Negative,52.56,5.730023534327578,2024-05,11.2521253122787,5.62606265613935,False,True,False,False,False,5.730023534327578
